"","species","age","mean_value_Basophils-Abs","mean_value_Body Weight","mean_value_Eosinophils-Abs","mean_value_Lymphocytes-Abs","mean_value_Monocytes-Abs","mean_value_Neutrophil-Seg-Abs","mean_value_Red Blood Cells","mean_value_White Blood Cells","n_ind_Basophils-Abs","n_ind_Body Weight","n_ind_Eosinophils-Abs","n_ind_Lymphocytes-Abs","n_ind_Monocytes-Abs","n_ind_Neutrophil-Seg-Abs","n_ind_Red Blood Cells","n_ind_White Blood Cells"
"1","Aye-aye","y0",35.5,0.58995,32.5,6225.91666666667,177.833333333333,2280.5,6.84833333333333,9.575,6,28,6,6,6,6,6,6
"2","Aye-aye","y1",0,1.90625,137.178571428571,7385.94047619048,425.833333333333,3602.84523809524,7.30758928571429,11.6321428571429,10,26,10,10,10,10,11,10
"3","Aye-aye","y10",0,2.68125,67.25,4630.25,647.875,5802.125,7.36125,11.70625,5,14,5,5,5,5,5,5
"4","Aye-aye","y11",0,2.70646428571429,0,7350,300,7350,6.55,15,1,12,1,1,1,1,1,1
"5","Aye-aye","y12",0,2.72008333333333,95.5,3912,502.5,8115,7.295,12.625,4,11,4,4,4,4,4,4
"6","Aye-aye","y13",7.53333333333333,2.73275,82.8666666666667,3698,634.916666666667,3463.01666666667,7.11166666666667,7.91666666666667,4,11,4,4,4,4,4,4
"7","Aye-aye","y14",0,2.67254761904762,180,3517.5,367.5,8185,6.52,10.6666666666667,2,10,2,2,2,2,4,4
"8","Aye-aye","y15",35.1,2.67095238095238,143.25,6487.05,125.7,4608.9,7.09,11.4,2,10,2,2,2,2,2,2
"9","Aye-aye","y16",0,2.70729166666667,128,5248,1280,6144,6.78,11.9,1,9,1,1,1,1,2,2
"10","Aye-aye","y17",0,2.76366666666667,131,6026,655,6288,7.6,13.3,1,8,1,1,1,1,2,2
"11","Aye-aye","y18",0,2.73145833333333,127,5334,381,6858,7.37,12.8,1,7,1,1,1,1,2,2
"12","Aye-aye","y19",0,2.746875,0,1716,660,4224,7.15,6.6,1,7,1,1,1,1,1,1
"13","Aye-aye","y2",11.7142857142857,2.26442307692308,93.8928571428571,6289.85714285714,481.214285714286,4874.53571428571,7.18333333333333,11.8071428571429,10,26,10,10,10,10,10,10
"14","Aye-aye","y20",0,2.79125,140,6226,734,6900,7.385,14,1,4,1,1,1,1,1,1
"15","Aye-aye","y21",0,2.7775,99,2794.37,666,7040.51,7.135,10.685,3,4,3,3,3,3,3,3
"16","Aye-aye","y22",0,2.74875,446.5,6116,124,5713.5,7.165,12.4,1,4,1,1,1,1,1,1
"17","Aye-aye","y23",NA,3.04,NA,NA,NA,NA,NA,NA,NA,1,NA,NA,NA,NA,NA,NA
"18","Aye-aye","y24",NA,3.095,NA,NA,NA,NA,NA,NA,NA,2,NA,NA,NA,NA,NA,NA
"19","Aye-aye","y25",NA,3.084,NA,NA,NA,NA,NA,NA,NA,1,NA,NA,NA,NA,NA,NA
"20","Aye-aye","y26",NA,3.357,NA,NA,NA,NA,NA,NA,NA,1,NA,NA,NA,NA,NA,NA
"21","Aye-aye","y3",39.1666666666667,2.42538461538462,91.4666666666667,6567.45,585.65,4402.43333333333,7.17816666666667,11.7183333333333,11,26,11,11,11,11,11,11
"22","Aye-aye","y4",0,2.50327884615385,68.5,4435.5,526.75,4419.25,7.38,9.45,2,25,2,2,2,2,2,2
"23","Aye-aye","y5",6.42857142857143,2.58135737179487,41.75,6761.67857142857,624.642857142857,5506.35714285714,7.59892857142857,13.1785714285714,9,25,9,9,9,9,9,9
"24","Aye-aye","y6",37.5,2.65088636363636,155.875,4826.54166666667,417.25,3879.5,7.11375,9.31666666666667,7,23,7,7,7,7,7,7
"25","Aye-aye","y7",7.7,2.68297272727273,17.9666666666667,4408.33333333333,785,5614.33333333333,6.62,10.8333333333333,3,21,3,3,3,3,3,3
"26","Aye-aye","y8",7.9,2.731875,216.65,5162.75,486.166666666667,5004.86666666667,7.247,10.8783333333333,8,18,8,8,8,8,7,8
"27","Aye-aye","y9",56.5,2.72208928571429,0,6295,952.5,5746,7.07,13.05,2,15,2,2,2,2,2,2
"28","Black and White Ruffed Lemur","y0",54.3333333333333,1.33826259569378,0,2785.66666666667,919.666666666667,8873.66666666667,8.32333333333333,12.6333333333333,3,93,3,3,3,3,3,3
"29","Black and White Ruffed Lemur","y1",26,2.98345592948718,76,4143,200.333333333333,3088,9.25,8.5,3,63,3,3,3,3,3,4
"30","Black and White Ruffed Lemur","y10",0,3.85838541666667,549,2135,122,3294,9.44,6.1,1,29,1,1,1,1,1,1
"31","Black and White Ruffed Lemur","y11",0,3.771575,172.833333333333,3850,550.666666666667,4343.16666666667,8.865,8.91666666666667,4,31,4,4,4,4,4,4
"32","Black and White Ruffed Lemur","y12",0,3.72531666666667,656,6888,1640,7216,9.82,16.4,1,28,1,1,1,1,1,1
"33","Black and White Ruffed Lemur","y13",NA,3.88721515151515,NA,NA,NA,NA,NA,NA,NA,26,NA,NA,NA,NA,NA,NA
"34","Black and White Ruffed Lemur","y14",NA,3.745625,NA,NA,NA,NA,NA,NA,NA,28,NA,NA,NA,NA,NA,NA
"35","Black and White Ruffed Lemur","y15",0,3.729071875,160,4408,496,5336,7.615,10.4,2,26,2,2,2,2,2,2
"36","Black and White Ruffed Lemur","y16",0,3.60671590909091,239.75,5166.25,651.25,4821.25,9.225,10.9,4,21,4,4,4,4,4,4
"37","Black and White Ruffed Lemur","y17",0,3.64969090909091,49.875,4090.25,209.125,2950,9.635,7.3125,3,21,3,3,3,3,3,3
"38","Black and White Ruffed Lemur","y18",0,3.77409375,498,4814,498,10790,8.41,16.6,1,16,1,1,1,1,1,1
"39","Black and White Ruffed Lemur","y19",NA,3.63397857142857,NA,NA,NA,NA,11,6.9,NA,17,NA,NA,NA,NA,1,1
"40","Black and White Ruffed Lemur","y2",0,3.33000694444444,0,6860,0,2940,9.41,12.85,1,51,1,1,1,1,1,1
"41","Black and White Ruffed Lemur","y20",0,3.75596527777778,492,4182,738,6888,8.28,12.3,1,17,1,1,1,1,1,1
"42","Black and White Ruffed Lemur","y21",0,3.81332386363636,310,3367.25,346.75,6951,9.695,10.975,2,19,2,2,2,2,2,2
"43","Black and White Ruffed Lemur","y22",0,3.71760416666667,63,3039,308.5,2239.5,9.135,5.65,2,17,2,2,2,2,2,2
"44","Black and White Ruffed Lemur","y23",0,3.56268253968254,78,2333,172,3667,9.72,6.25,2,16,2,2,2,2,2,2
"45","Black and White Ruffed Lemur","y24",0,3.63130555555556,84,3108,252,4956,9.67,8.4,1,15,1,1,1,1,1,1
"46","Black and White Ruffed Lemur","y25",0,3.76921875,75.5,2473.5,263.5,4737.5,8.75,7.55,2,12,2,2,2,2,2,2
"47","Black and White Ruffed Lemur","y26",0,3.6254,242,2364,320,3274,9.695,6.2,2,8,2,2,2,2,2,2
"48","Black and White Ruffed Lemur","y27",0,3.791875,284,3337,284,3195,7.515,8.05,1,12,1,1,1,1,2,2
"49","Black and White Ruffed Lemur","y28",0,3.77566666666667,116,1740,116,3828,9.56,5.8,1,8,1,1,1,1,1,1
"50","Black and White Ruffed Lemur","y29",NA,3.48941666666667,NA,NA,NA,NA,NA,NA,NA,5,NA,NA,NA,NA,NA,NA
"51","Black and White Ruffed Lemur","y3",0,3.52867592592593,42.625,4130.25,585.125,5917,9.67166666666667,10.7166666666667,3,42,3,3,3,3,4,4
"52","Black and White Ruffed Lemur","y30",0,3.421125,264,4158,132,2046,6.86,6.6,1,5,1,1,1,1,1,1
"53","Black and White Ruffed Lemur","y31",NA,3.18975,NA,NA,NA,NA,NA,NA,NA,5,NA,NA,NA,NA,NA,NA
"54","Black and White Ruffed Lemur","y32",0,3.18,96,2508,158,4388,8.64,7.15,1,3,1,1,1,1,1,1
"55","Black and White Ruffed Lemur","y33",NA,3.74,NA,NA,NA,NA,NA,NA,NA,1,NA,NA,NA,NA,NA,NA
"56","Black and White Ruffed Lemur","y4",NA,3.48318386243386,NA,NA,NA,NA,10.09,11.1,NA,41,NA,NA,NA,NA,1,1
"57","Black and White Ruffed Lemur","y5",0,3.36241220238095,332,4666.5,93.45,3256,9.6375,8.35,2,38,2,2,2,2,2,2
"58","Black and White Ruffed Lemur","y6",0,3.58222916666667,82,5696,222,5700,10.435,10.875,2,32,2,2,2,2,2,2
"59","Black and White Ruffed Lemur","y7",0,3.59440535714286,11.4,2200.2,96.9,3391.5,9.9,5.7,1,34,1,1,1,1,1,1
"60","Black and White Ruffed Lemur","y8",NA,3.6937125,NA,NA,NA,NA,NA,NA,NA,30,NA,NA,NA,NA,NA,NA
"61","Black and White Ruffed Lemur","y9",0,3.74909817813765,42.9,2747.5,95.75,4238.85,9.8,7.7,3,32,3,3,3,3,4,4
"62","Blue-eyed Black Lemur","y0",11.25,0.726499022988506,387,3317.5,214.75,4794.5,9.1125,8.725,6,59,6,6,6,6,6,6
"63","Blue-eyed Black Lemur","y1",0,2.07198686594203,162.4,3988.4,166.1,3608.5,9.245,7.53,5,47,5,5,6,6,6,6
"64","Blue-eyed Black Lemur","y10",21.75,2.64673262032086,186.625,3508.375,261.3125,3003.1875,7.83875,6.98125,6,28,6,6,6,6,6,6
"65","Blue-eyed Black Lemur","y11",0,2.71578055555556,201.125,3321.625,242.625,4234.625,8.1425,8,8,28,8,8,8,8,8,8
"66","Blue-eyed Black Lemur","y12",12.25,2.73215454545455,244,3314.91666666667,250.583333333333,2578.25,7.1325,6.4,6,26,6,6,6,6,6,6
"67","Blue-eyed Black Lemur","y13",13.7,2.577059375,429.3,3788.5,484,3834.5,7.2675,8.55,6,26,6,6,6,6,5,6
"68","Blue-eyed Black Lemur","y14",0,2.59672483660131,232.666666666667,2811.83333333333,152.666666666667,2592.33333333333,7.067,6.535,4,26,4,4,4,4,7,7
"69","Blue-eyed Black Lemur","y15",0,2.53512647058824,377,3435.33333333333,247.333333333333,3507,6.93,7.56666666666667,3,26,3,3,3,3,3,3
"70","Blue-eyed Black Lemur","y16",22.7,2.55477083333333,256.7,3578.15,422.2,2905.25,7.16833333333333,7.185,4,25,4,4,4,4,4,4
"71","Blue-eyed Black Lemur","y17",0,2.5385775,111.666666666667,4292.66666666667,350.583333333333,3448.58333333333,7.39833333333333,8.225,4,23,4,4,4,4,4,4
"72","Blue-eyed Black Lemur","y18",20.5,2.52442857142857,573.5,2519,329,4158,8.0175,7.6,3,21,3,3,3,3,3,3
"73","Blue-eyed Black Lemur","y19",0,2.58223076923077,172,2494,516,5418,6.24,8.6,1,18,1,1,1,1,1,1
"74","Blue-eyed Black Lemur","y2",5.6875,2.29168571428571,376.1875,4601.4375,480.125,4524.0625,7.9175,9.9875,5,41,5,5,5,5,5,5
"75","Blue-eyed Black Lemur","y20",11.8,2.6121,229.6,3021.5,320.975,3011.175,8.77,6.6275,3,15,3,3,3,3,3,3
"76","Blue-eyed Black Lemur","y21",0,2.67425,325.625,2457.625,317.25,4505.5,7.40625,7.6375,3,12,3,3,3,3,3,3
"77","Blue-eyed Black Lemur","y22",0,2.64741666666667,78,2788.5,154,3529.5,8.66,6.55,2,11,2,2,2,2,1,2
"78","Blue-eyed Black Lemur","y23",0,2.69333333333333,392.5,2630.5,338.5,4488.5,9.28,7.85,2,8,2,2,2,2,2,2
"79","Blue-eyed Black Lemur","y24",0,2.71916666666667,480.5,2817.375,222.25,2517.375,7.36125,6.0375,3,5,3,3,3,3,3,3
"80","Blue-eyed Black Lemur","y25",0,2.53125,221.875,2572,175.125,3093.5,8.7575,6.0625,3,5,3,3,3,3,3,3
"81","Blue-eyed Black Lemur","y26",0,2.465,345,1656,138,4761,8.7,6.9,1,4,1,1,1,1,1,1
"82","Blue-eyed Black Lemur","y27",NA,2.4475,NA,NA,NA,NA,NA,NA,NA,3,NA,NA,NA,NA,NA,NA
"83","Blue-eyed Black Lemur","y28",NA,2.6225,NA,NA,NA,NA,NA,NA,NA,2,NA,NA,NA,NA,NA,NA
"84","Blue-eyed Black Lemur","y29",NA,2.56,NA,NA,NA,NA,NA,NA,NA,1,NA,NA,NA,NA,NA,NA
"85","Blue-eyed Black Lemur","y3",9.4,2.36001428571429,312.8,6519.2,99.6,3729,8.121,8.445,6,41,6,6,6,6,7,7
"86","Blue-eyed Black Lemur","y30",NA,2.52,NA,NA,NA,NA,NA,NA,NA,1,NA,NA,NA,NA,NA,NA
"87","Blue-eyed Black Lemur","y4",11.3,2.47239285714286,360.9,3604.65,129.55,4628.6,8.519,8.735,7,36,7,7,7,7,7,7
"88","Blue-eyed Black Lemur","y5",5.33333333333333,2.51259210526316,215.416666666667,3962.75,265.083333333333,4018.08333333333,8.248125,8.44375,5,33,5,5,5,5,6,6
"89","Blue-eyed Black Lemur","y6",12.75,2.60551785714286,320.5,3038,399.6875,5697.8125,7.59375,9.46875,6,32,6,6,6,6,6,6
"90","Blue-eyed Black Lemur","y7",7.16666666666667,2.63726315789474,211.583333333333,3770.04166666667,330.229166666667,3524.72916666667,8.54458333333333,7.84375,7,31,7,7,7,7,7,7
"91","Blue-eyed Black Lemur","y8",0,2.70365,476.3125,4092.4375,243.4125,4284.9625,8.3325,9.085,8,31,8,8,8,8,8,8
"92","Blue-eyed Black Lemur","y9",0,2.59263888888889,216.5,3279.08333333333,279.25,2766.83333333333,8.255,7.95,5,30,5,5,5,5,6,6
"93","Collared Lemur","y0",NA,0.938127232142857,NA,NA,NA,NA,NA,NA,NA,30,NA,NA,NA,NA,NA,NA
"94","Collared Lemur","y1",0,2.13647140522876,0,5610,340,2550,8.61,8.5,1,35,1,1,1,1,1,1
"95","Collared Lemur","y10",21.0625,2.51775,257.1875,3884.625,312.3125,4004.5625,8.0235,8.68,6,28,6,6,6,6,7,7
"96","Collared Lemur","y11",30.6,2.41065476190476,111.1,3050.7,115.9,2309,6.851,5.62,6,29,6,6,6,6,6,6
"97","Collared Lemur","y12",0,2.44111904761905,246.75,4010.25,470.5,6422.5,8.285,9.03333333333333,4,26,4,4,4,4,6,6
"98","Collared Lemur","y13",10,2.50520476190476,148.666666666667,2418.33333333333,262.333333333333,5594,7.56333333333333,8.43333333333333,6,29,6,6,6,6,6,6
"99","Collared Lemur","y14",4.41666666666667,2.43755769230769,245.75,3482.41666666667,357.333333333333,4376.75,7.57625,8.46666666666667,10,26,10,10,10,10,10,10
"100","Collared Lemur","y15",47.5,2.46160714285714,193.75,3592.5,497.5,5668.75,7.835,10,3,26,3,3,3,3,3,3
"101","Collared Lemur","y16",0,2.45100769230769,281.2,3106.25,314.016666666667,4581.86666666667,6.963,8.28333333333333,8,28,8,8,8,8,8,8
"102","Collared Lemur","y17",0,2.459375,285.875,4655.79166666667,384.291666666667,5582.375,7.08604166666667,10.9083333333333,7,27,7,7,7,7,7,7
"103","Collared Lemur","y18",0,2.40347222222222,313.125,3995.75,489.375,6251.75,6.73,11.05,6,21,6,6,6,6,6,6
"104","Collared Lemur","y19",0,2.38127083333333,232.75,2153.25,323.75,5515.25,7.473125,8.225,5,22,5,5,5,5,5,5
"105","Collared Lemur","y2",0,2.27779411764706,532,4207,224,4837,8.375,9.8,2,34,2,2,2,2,2,2
"106","Collared Lemur","y20",0,2.45052777777778,252.416666666667,3008.91666666667,398.666666666667,4365,7.165,8.91666666666667,5,20,5,5,5,5,6,6
"107","Collared Lemur","y21",0,2.43815972222222,265.5,3367,199.25,5568.25,7.825,9.4,4,17,4,4,4,4,4,4
"108","Collared Lemur","y22",0,2.41588888888889,274.416666666667,4105.75,227.666666666667,5275.5,6.69916666666667,9.90833333333333,5,18,5,5,5,5,5,5
"109","Collared Lemur","y23",0,2.42107142857143,108.75,3417.75,270.25,3803.25,6.75,7.6,3,15,3,3,3,3,3,3
"110","Collared Lemur","y24",0,2.48579464285714,96.75,3258,136.25,4404,6.15,7.925,3,15,3,3,3,3,3,3
"111","Collared Lemur","y25",0,2.35995833333333,104,4260,453.5,6332.5,7.675,11.15,2,14,2,2,2,2,2,2
"112","Collared Lemur","y26",NA,2.36782142857143,NA,NA,NA,NA,NA,NA,NA,11,NA,NA,NA,NA,NA,NA
"113","Collared Lemur","y27",0,2.34513333333333,399,7980,798,4123,7.99,13.3,1,11,1,1,1,1,1,1
"114","Collared Lemur","y28",0,2.32429166666667,111.25,3440.5,230.75,4767.5,7.43,8.55,2,7,2,2,2,2,2,2
"115","Collared Lemur","y29",NA,2.32666666666667,NA,NA,NA,NA,NA,NA,NA,4,NA,NA,NA,NA,NA,NA
"116","Collared Lemur","y3",13,2.34367716165414,124,4694,181,1388,8.7325,6.4,3,33,3,3,3,3,3,3
"117","Collared Lemur","y30",0,2.36333333333333,194,2522,97,6887,7.54,9.7,1,4,1,1,1,1,1,1
"118","Collared Lemur","y31",NA,2.24833333333333,NA,NA,NA,NA,NA,NA,NA,4,NA,NA,NA,NA,NA,NA
"119","Collared Lemur","y32",NA,2.3475,NA,NA,NA,NA,NA,NA,NA,3,NA,NA,NA,NA,NA,NA
"120","Collared Lemur","y33",NA,2.1,NA,NA,NA,NA,NA,NA,NA,2,NA,NA,NA,NA,NA,NA
"121","Collared Lemur","y34",NA,2.28,NA,NA,NA,NA,NA,NA,NA,1,NA,NA,NA,NA,NA,NA
"122","Collared Lemur","y4",0,2.4184375,221.5,5103.16666666667,200.25,5483.41666666667,7.8985,10.5333333333333,7,32,7,7,7,7,8,8
"123","Collared Lemur","y5",7.58333333333333,2.50337723214286,486.583333333333,4386,198.5,4029.66666666667,7.705,9.10833333333333,6,30,6,6,6,6,6,6
"124","Collared Lemur","y6",10.75,2.55040918803419,168.375,5771,114.75,2192.25,7.9025,8.2625,5,31,5,5,5,5,5,5
"125","Collared Lemur","y7",0,2.47845,84.75,3872.75,102,1803,8.57875,5.8625,5,30,5,5,5,5,5,5
"126","Collared Lemur","y8",19.5,2.513671875,366,3371.83333333333,119.333333333333,2840,8.28,6.3375,5,32,5,5,5,5,6,6
"127","Collared Lemur","y9",0,2.60682083333333,229.875,2956.625,92.5,2739.875,7.07125,6.05,5,27,5,5,5,5,5,5
"128","Common Black Lemur","y0",NA,0.911723214285714,NA,NA,NA,NA,NA,NA,NA,30,NA,NA,NA,NA,NA,NA
"129","Common Black Lemur","y1",NA,2.20813461538462,NA,NA,NA,NA,NA,NA,NA,26,NA,NA,NA,NA,NA,NA
"130","Common Black Lemur","y10",0,2.59635416666667,70.5,3587,211.5,3181,7.97,7.05,2,20,2,2,2,2,2,2
"131","Common Black Lemur","y11",0,2.55380555555556,287.333333333333,2826.66666666667,312,4040.66666666667,8.415,7.03333333333333,3,15,3,3,3,3,3,3
"132","Common Black Lemur","y12",0,2.68332638888889,140,2800,210,3850,7.73,7,1,17,1,1,1,1,1,1
"133","Common Black Lemur","y13",100,2.42983333333333,200,5000,500,4200,8.17,10,1,15,1,1,1,1,1,1
"134","Common Black Lemur","y14",50,2.5403125,34.3333333333333,3081.33333333333,203,4214.66666666667,8.53833333333333,7.58333333333333,4,14,4,4,4,4,4,4
"135","Common Black Lemur","y15",42,2.49975,36,2649,171,2802,8.11,5.7,2,15,2,2,2,2,1,2
"136","Common Black Lemur","y16",0,2.46561111111111,157.5,3441,429,4822.5,7.18166666666667,8.85,4,13,4,4,4,4,3,4
"137","Common Black Lemur","y17",0,2.54392857142857,140,1960,350,4550,9.04,7,1,15,1,1,1,1,1,1
"138","Common Black Lemur","y18",32,2.41291666666667,62.75,2399.75,280.25,4725.25,8,7.5,3,12,3,3,3,3,3,3
"139","Common Black Lemur","y19",0,2.46064285714286,88.75,2486,363.5,5936.75,8.845,8.875,3,12,3,3,3,3,3,3
"140","Common Black Lemur","y2",0,2.47783928571429,228,684,228,6460,6.87,7.6,1,26,1,1,1,1,1,1
"141","Common Black Lemur","y20",0,2.45791666666667,93.5,2728.5,275.5,3052.5,8.28,6.15,2,10,2,2,2,2,2,2
"142","Common Black Lemur","y21",20,2.34583333333333,143,1690.5,257.5,3039,6.19,5.15,2,9,2,2,2,2,2,2
"143","Common Black Lemur","y22",0,2.376,194.5,2894,250.75,3598.25,7.095,6.9375,3,8,3,3,3,3,3,3
"144","Common Black Lemur","y23",0,2.29541666666667,207,3065,148,3680,6.715,7.1,2,7,2,2,2,2,2,2
"145","Common Black Lemur","y24",NA,2.30916666666667,NA,NA,NA,NA,NA,NA,NA,5,NA,NA,NA,NA,NA,NA
"146","Common Black Lemur","y25",0,2.35375,232.25,2110.75,186,3521,6.89,6.05,3,3,3,3,3,3,3,3
"147","Common Black Lemur","y26",NA,2.275,NA,NA,NA,NA,NA,NA,NA,4,NA,NA,NA,NA,NA,NA
"148","Common Black Lemur","y27",0,2.36,214,4815,214,5457,7.34,10.7,1,3,1,1,1,1,1,1
"149","Common Black Lemur","y28",0,2.35875,162,1350,216,3672,7.03,5.4,1,3,1,1,1,1,1,1
"150","Common Black Lemur","y29",NA,2.3,NA,NA,NA,NA,NA,NA,NA,3,NA,NA,NA,NA,NA,NA
"151","Common Black Lemur","y3",NA,2.45716666666667,NA,NA,NA,NA,NA,NA,NA,22,NA,NA,NA,NA,NA,NA
"152","Common Black Lemur","y30",NA,2.3375,NA,NA,NA,NA,NA,NA,NA,3,NA,NA,NA,NA,NA,NA
"153","Common Black Lemur","y31",NA,2.38,NA,NA,NA,NA,NA,NA,NA,2,NA,NA,NA,NA,NA,NA
"154","Common Black Lemur","y32",NA,2.42,NA,NA,NA,NA,NA,NA,NA,2,NA,NA,NA,NA,NA,NA
"155","Common Black Lemur","y33",NA,2.515,NA,NA,NA,NA,NA,NA,NA,2,NA,NA,NA,NA,NA,NA
"156","Common Black Lemur","y34",NA,2.545,NA,NA,NA,NA,NA,NA,NA,2,NA,NA,NA,NA,NA,NA
"157","Common Black Lemur","y4",0,2.57699393939394,176,2640,264,5720,9.21,8.8,1,26,1,1,1,1,1,1
"158","Common Black Lemur","y5",38.5,2.60425961538462,129,3933.25,294.5,4254.75,8.42,8.65,4,25,4,4,4,4,4,4
"159","Common Black Lemur","y6",0,2.51200213675214,98,3170,85.5,3046.5,8.615,6.4,3,22,3,3,3,3,3,3
"160","Common Black Lemur","y7",0,2.4586375,119,3038.5,367.75,6499.75,8.4525,10.025,2,22,2,2,2,2,2,2
"161","Common Black Lemur","y8",0,2.48570634920635,54.5,2366.5,329,4250,7.98,7,3,16,3,3,3,3,3,3
"162","Common Black Lemur","y9",41,2.45572222222222,0,1952.5,246,4510.5,7.995,6.75,2,15,2,2,2,2,2,2
"163","Common Brown Lemur","y0",NA,1.01789285714286,NA,NA,NA,NA,NA,NA,NA,12,NA,NA,NA,NA,NA,NA
"164","Common Brown Lemur","y1",NA,2.1311875,NA,NA,NA,NA,NA,NA,NA,6,NA,NA,NA,NA,NA,NA
"165","Common Brown Lemur","y10",NA,2.5625,NA,NA,NA,NA,NA,NA,NA,4,NA,NA,NA,NA,NA,NA
"166","Common Brown Lemur","y11",NA,2.605,NA,NA,NA,NA,NA,NA,NA,2,NA,NA,NA,NA,NA,NA
"167","Common Brown Lemur","y12",NA,2.57725,NA,NA,NA,NA,NA,NA,NA,3,NA,NA,NA,NA,NA,NA
"168","Common Brown Lemur","y13",NA,2.452,NA,NA,NA,NA,NA,NA,NA,3,NA,NA,NA,NA,NA,NA
"169","Common Brown Lemur","y14",NA,2.441,NA,NA,NA,NA,NA,NA,NA,4,NA,NA,NA,NA,NA,NA
"170","Common Brown Lemur","y15",NA,2.355,NA,NA,NA,NA,NA,NA,NA,2,NA,NA,NA,NA,NA,NA
"171","Common Brown Lemur","y16",NA,2.6165,NA,NA,NA,NA,NA,NA,NA,4,NA,NA,NA,NA,NA,NA
"172","Common Brown Lemur","y17",0,2.555,52,2652,364,2132,9.57,5.2,1,2,1,1,1,1,1,1
"173","Common Brown Lemur","y18",0,2.83416666666667,192,3776,256,2176,9.23,6.4,1,4,1,1,1,1,1,1
"174","Common Brown Lemur","y19",0,2.24,83,5229,249,2739,8.07,8.3,1,1,1,1,1,1,1,1
"175","Common Brown Lemur","y2",NA,2.23458333333333,NA,NA,NA,NA,NA,NA,NA,8,NA,NA,NA,NA,NA,NA
"176","Common Brown Lemur","y20",NA,2.22,NA,NA,NA,NA,NA,NA,NA,1,NA,NA,NA,NA,NA,NA
"177","Common Brown Lemur","y21",0,2.83,114,3021,285,2280,9.19,5.7,1,1,1,1,1,1,1,1
"178","Common Brown Lemur","y22",0,2.62,146,3212,365,3577,7.31,7.3,1,1,1,1,1,1,1,1
"179","Common Brown Lemur","y23",NA,2.34,NA,NA,NA,NA,NA,NA,NA,1,NA,NA,NA,NA,NA,NA
"180","Common Brown Lemur","y24",0,2.68,284,2627,284,3905,8.13,7.1,1,1,1,1,1,1,1,1
"181","Common Brown Lemur","y25",NA,2.8,NA,NA,NA,NA,NA,NA,NA,1,NA,NA,NA,NA,NA,NA
"182","Common Brown Lemur","y26",NA,2.62,NA,NA,NA,NA,NA,NA,NA,1,NA,NA,NA,NA,NA,NA
"183","Common Brown Lemur","y27",NA,2.44,NA,NA,NA,NA,NA,NA,NA,1,NA,NA,NA,NA,NA,NA
"184","Common Brown Lemur","y28",NA,2.36,NA,NA,NA,NA,NA,NA,NA,1,NA,NA,NA,NA,NA,NA
"185","Common Brown Lemur","y29",NA,1.98,NA,NA,NA,NA,NA,NA,NA,1,NA,NA,NA,NA,NA,NA
"186","Common Brown Lemur","y3",NA,2.5775,NA,NA,NA,NA,NA,NA,NA,10,NA,NA,NA,NA,NA,NA
"187","Common Brown Lemur","y4",NA,2.89383333333333,NA,NA,NA,NA,NA,NA,NA,6,NA,NA,NA,NA,NA,NA
"188","Common Brown Lemur","y5",NA,2.7951875,NA,NA,NA,NA,NA,NA,NA,4,NA,NA,NA,NA,NA,NA
"189","Common Brown Lemur","y6",NA,2.554375,NA,NA,NA,NA,NA,NA,NA,8,NA,NA,NA,NA,NA,NA
"190","Common Brown Lemur","y7",0,2.41989583333333,102,4080,51,867,8.52,5.1,1,5,1,1,1,1,1,1
"191","Common Brown Lemur","y8",0,2.671875,220,2068,88,2024,7.16,4.4,1,6,1,1,1,1,1,1
"192","Common Brown Lemur","y9",NA,2.6825,NA,NA,NA,NA,NA,NA,NA,4,NA,NA,NA,NA,NA,NA
"193","Coquerel's Lemur","y0",6.33333333333333,0.644956707317073,3.75,2913.70833333333,323.083333333333,4623.22916666667,7.583125,7.87916666666667,14,79,14,14,14,14,14,14
"194","Coquerel's Lemur","y1",7.66666666666667,3.10168776671408,45.525,2955.9,321.5,3477.675,7.80179166666667,6.82291666666667,22,75,22,22,22,22,22,22
"195","Coquerel's Lemur","y10",0,4.11540257352941,37.9166666666667,3307.33333333333,228.416666666667,4521.83333333333,7.885,8.1,7,33,7,7,7,7,7,7
"196","Coquerel's Lemur","y11",5.66666666666667,4.0879,25.9166666666667,2342.31666666667,335.841666666667,6012.75833333333,7.95583333333333,8.7225,8,30,8,8,8,8,8,8
"197","Coquerel's Lemur","y12",23.9583333333333,4.06533333333333,82.1,1995.79166666667,243.508333333333,4635,7.22625,7.06833333333333,10,24,10,10,10,10,10,10
"198","Coquerel's Lemur","y13",6.25,3.88984090909091,46.75,1969.125,199.125,3941.25,7.84,6.1625,4,21,4,4,4,4,4,4
"199","Coquerel's Lemur","y14",5.125,3.95272222222222,56.25,1803.875,184.5,3762.75,7.13875,5.8125,6,18,6,6,6,6,6,6
"200","Coquerel's Lemur","y15",6.125,3.95228125,9.25,2122.625,150.5,3924,7.71,6.375,6,16,6,6,6,6,6,6
"201","Coquerel's Lemur","y16",13.1666666666667,4.105,139.5,2484.83333333333,504.833333333333,5477.83333333333,8.54166666666667,8.63333333333333,4,14,4,4,4,4,4,4
"202","Coquerel's Lemur","y17",15.75,4.09096428571429,45.75,1458,160,4145.5,8.1975,5.825,4,12,4,4,4,4,4,4
"203","Coquerel's Lemur","y18",0,4.00485714285714,89.875,1813.875,172.625,3636.125,8.015,5.50625,6,12,6,6,6,6,6,6
"204","Coquerel's Lemur","y19",0,3.82575,73,2628,292,4307,7.76,7.3,1,9,1,1,1,1,1,1
"205","Coquerel's Lemur","y2",10.875,3.58519579945799,36.396875,3376.665625,215.546875,3922.078125,7.89984375,7.5615625,16,77,16,16,16,16,17,16
"206","Coquerel's Lemur","y20",0,3.90545833333333,0,1435,152,4363,7.5675,5.95,2,8,2,2,2,2,3,2
"207","Coquerel's Lemur","y21",0,3.87175,0,1470,245,1785,6.535,4.7,1,5,1,1,1,1,2,2
"208","Coquerel's Lemur","y22",0,3.896875,106.833333333333,2538,170.833333333333,4634.33333333333,9.27666666666667,7.45,4,5,4,4,4,4,4,4
"209","Coquerel's Lemur","y23",0,3.9165625,0,1965,262,10873,7.265,13.1,2,5,1,1,1,1,2,1
"210","Coquerel's Lemur","y24",0,3.829375,0,1961,0,3339,8.61,5.3,1,5,1,1,1,1,1,1
"211","Coquerel's Lemur","y25",5.85,3.71375,70,2460.7,401.1,2512.35,7.155,5.45,1,5,1,1,1,1,1,1
"212","Coquerel's Lemur","y26",NA,3.705,NA,NA,NA,NA,9.095,NA,NA,4,NA,NA,NA,NA,1,NA
"213","Coquerel's Lemur","y27",NA,3.395,NA,NA,NA,NA,8.89,6.6,NA,3,NA,NA,NA,NA,1,1
"214","Coquerel's Lemur","y28",NA,3.345,NA,NA,NA,NA,NA,NA,NA,2,NA,NA,NA,NA,NA,NA
"215","Coquerel's Lemur","y29",0,3.74,0,2425,291,6984,5.82,9.7,1,1,1,1,1,1,1,1
"216","Coquerel's Lemur","y3",8.51282051282051,3.86762113174182,44.5320512820513,2927.54487179487,270.094017094017,5200.23290598291,8.01316666666667,8.33849206349206,22,68,22,22,22,22,25,23
"217","Coquerel's Lemur","y30",NA,3.61,NA,NA,NA,NA,NA,NA,NA,1,NA,NA,NA,NA,NA,NA
"218","Coquerel's Lemur","y4",0,4.06828692084942,14.3571428571429,2404.38392857143,230.651785714286,5579.08035714286,8.66959821428571,8.25178571428571,15,65,15,15,15,15,15,15
"219","Coquerel's Lemur","y5",6.05555555555556,4.14334253246753,35.9333333333333,2544.99888888889,394.986666666667,4766.02555555556,8.76583333333333,7.59388888888889,14,61,14,14,14,14,15,15
"220","Coquerel's Lemur","y6",7.8,4.23949637681159,24.5271428571429,2569.45571428571,299.683214285714,4410.89357142857,7.985,7.37821428571429,12,53,12,12,12,12,14,14
"221","Coquerel's Lemur","y7",2.22222222222222,4.16555434782609,71.4722222222222,2738.63888888889,320.402777777778,4539.34722222222,8.51138888888889,7.69305555555556,13,48,13,13,13,13,13,13
"222","Coquerel's Lemur","y8",3.9,4.17324675324675,19.6,1943.4,318.25,4619.65,7.99016666666667,7.01166666666667,9,43,9,9,9,9,11,11
"223","Coquerel's Lemur","y9",2.33333333333333,4.08267083333333,86.4166666666667,2106.96527777778,317.680555555556,4454.07222222222,7.75253472222222,7.07298611111111,13,38,13,13,13,13,13,13
"224","Crowned lemur","y0",NA,0.750729166666667,NA,NA,NA,NA,NA,NA,NA,30,NA,NA,NA,NA,NA,NA
"225","Crowned lemur","y1",0,1.42475350877193,117.5,4440,116.5,1176,8.905,5.85,2,34,2,2,2,2,2,2
"226","Crowned lemur","y10",0,1.70325,80,1560,120,2240,9.05,4,1,21,1,1,1,1,1,1
"227","Crowned lemur","y11",11.5238095238095,1.66881060606061,59.1666666666667,2404.7380952381,206.785714285714,3797.04761904762,8.43047619047619,6.41190476190476,10,20,10,10,10,10,10,10
"228","Crowned lemur","y12",10.8333333333333,1.67,124.5,3761,311.333333333333,3392.33333333333,8.11416666666667,7.58333333333333,6,16,6,6,6,6,6,6
"229","Crowned lemur","y13",17.5,1.65317222222222,181.5,2235.75,110,3555.25,7.76125,6.4,4,19,4,4,4,4,4,4
"230","Crowned lemur","y14",28.5,1.67178125,148,2350.16666666667,147.833333333333,4342.16666666667,9.22333333333333,7.01666666666667,4,18,4,4,4,4,4,4
"231","Crowned lemur","y15",0,1.78078125,134,2546,201,2546,7.22,6.7,1,16,1,1,1,1,1,1
"232","Crowned lemur","y16",14.75,1.66889583333333,129.5,1089,241.5,3625.25,8.21,5.1,3,14,3,3,3,3,3,3
"233","Crowned lemur","y17",14.25,1.66791666666667,14.25,3127.5,75.25,5718.75,8.8925,8.95,3,12,3,3,3,3,3,3
"234","Crowned lemur","y18",0,1.6495,54,1719,122,3505,8.285,5.4,2,14,2,2,2,2,2,2
"235","Crowned lemur","y19",0,1.57925,62,2490,176,6072,9.38,8.8,2,11,2,2,2,2,2,2
"236","Crowned lemur","y2",0,1.56715092879257,110,3149,93.5,5097.5,9.12,8.45,3,36,3,3,3,3,3,3
"237","Crowned lemur","y20",0,1.62175,124,3472,124,8680,8.07,12.4,1,10,1,1,1,1,1,1
"238","Crowned lemur","y21",0,1.60228571428571,124.666666666667,2082.33333333333,309.333333333333,3050.33333333333,8.55666666666667,5.56666666666667,3,11,3,3,3,3,3,3
"239","Crowned lemur","y22",0,1.58446428571429,399,4762,278,3561,7.695,9,2,11,2,2,2,2,2,2
"240","Crowned lemur","y23",0,1.5615,298.5,3253.5,58,2090,8.16,8.5,2,11,2,2,2,2,2,1
"241","Crowned lemur","y24",0,1.56975,100,1300,0,3600,8,5,1,9,1,1,1,1,1,1
"242","Crowned lemur","y25",0,1.52208333333333,39,4752,281,3128,8.78333333333333,8.2,2,6,2,2,2,2,3,2
"243","Crowned lemur","y26",NA,1.305,NA,NA,NA,NA,NA,NA,NA,5,NA,NA,NA,NA,NA,NA
"244","Crowned lemur","y27",NA,1.2,NA,NA,NA,NA,NA,NA,NA,2,NA,NA,NA,NA,NA,NA
"245","Crowned lemur","y28",NA,1.28,NA,NA,NA,NA,NA,NA,NA,1,NA,NA,NA,NA,NA,NA
"246","Crowned lemur","y29",NA,1.31,NA,NA,NA,NA,NA,NA,NA,1,NA,NA,NA,NA,NA,NA
"247","Crowned lemur","y3",330,1.60373660714286,363.166666666667,3644.5,346.166666666667,2253.83333333333,9.285,6.41666666666667,4,34,4,4,4,4,4,4
"248","Crowned lemur","y4",10,1.66849474789916,88.5833333333333,3373.16666666667,99.1666666666667,3499.91666666667,9.04416666666667,7.65833333333333,6,31,6,6,6,6,6,6
"249","Crowned lemur","y5",0,1.70120238095238,477.875,3231.875,318,2847.25,9.3525,6.875,5,26,5,5,5,5,5,5
"250","Crowned lemur","y6",54,1.732125,27,1851,390,3378,7.78,5.7,2,21,2,2,2,2,2,2
"251","Crowned lemur","y7",0,1.72969791666667,159.333333333333,2735.5,55.5,2566.33333333333,9.44833333333333,5.51666666666667,4,20,4,4,4,4,4,4
"252","Crowned lemur","y8",0,1.715525,8.5,1427.75,120.75,2418,8.95,3.975,3,20,3,3,3,3,3,3
"253","Crowned lemur","y9",0,1.70381623931624,220.5,1669.5,219,5241,8.38,6.625,2,22,2,2,2,2,3,3
"254","Eastern Lesser Bamboo Lemur","y0",0,0.428808823529412,183,3932,244,891,12.79,5.25,2,28,2,2,2,2,2,2
"255","Eastern Lesser Bamboo Lemur","y1",0,0.9761421875,0,6354,232.333333333333,2613.66666666667,13.5366666666667,9.2,3,31,3,3,3,3,3,3
"256","Eastern Lesser Bamboo Lemur","y10",7.66666666666667,1.03042916666667,274.583333333333,3302.75,323.166666666667,3800.16666666667,11.025,7.70833333333333,5,25,5,5,5,5,5,5
"257","Eastern Lesser Bamboo Lemur","y11",0,1.02695357142857,72,1794,150,2334,9.855,4.35,2,23,2,2,2,2,2,2
"258","Eastern Lesser Bamboo Lemur","y12",0,1.05899305555556,122.6,3133.2,249.3,2684.9,11.518,6.19,6,21,6,6,6,6,5,6
"259","Eastern Lesser Bamboo Lemur","y13",0,1.01714583333333,185.875,3858.25,316.625,3983,10.5775,8.3625,6,18,6,6,6,6,6,6
"260","Eastern Lesser Bamboo Lemur","y14",0,1.0065,42.5,2717.75,277.5,3487.25,10.5275,6.525,2,14,2,2,2,2,2,2
"261","Eastern Lesser Bamboo Lemur","y15",0,1.04589285714286,146,3146,146,3162,10.9525,5.8,2,11,2,2,2,2,3,3
"262","Eastern Lesser Bamboo Lemur","y16",0,1.07133333333333,194,5700,510,2696,10.825,9.1,2,9,2,2,2,2,2,2
"263","Eastern Lesser Bamboo Lemur","y17",0,1.13541666666667,306.8,3864,201.25,4135.25,11.4525,8.475,2,8,2,2,2,2,2,2
"264","Eastern Lesser Bamboo Lemur","y18",0,1.10933333333333,77,3521,321.75,6180.25,10.4275,9.25,3,8,3,3,3,3,3,3
"265","Eastern Lesser Bamboo Lemur","y19",0,1.08416666666667,0,2898,138,3864,8.89,6.9,1,6,1,1,1,1,1,1
"266","Eastern Lesser Bamboo Lemur","y2",0,1.08815977443609,145,2061,174,2193.1,12.84,4.85,2,33,2,2,2,2,2,2
"267","Eastern Lesser Bamboo Lemur","y20",0,1.11666666666667,162,5184,81,2673,11.53,8.1,1,6,1,1,1,1,1,1
"268","Eastern Lesser Bamboo Lemur","y21",NA,1.085875,NA,NA,NA,NA,NA,NA,NA,5,NA,NA,NA,NA,NA,NA
"269","Eastern Lesser Bamboo Lemur","y22",NA,1.04333333333333,NA,NA,NA,NA,NA,NA,NA,5,NA,NA,NA,NA,NA,NA
"270","Eastern Lesser Bamboo Lemur","y23",0,1.105,0,5063,332,2905,11.29,8.3,1,4,1,1,1,1,1,1
"271","Eastern Lesser Bamboo Lemur","y24",NA,1.57,NA,NA,NA,NA,NA,NA,NA,1,NA,NA,NA,NA,NA,NA
"272","Eastern Lesser Bamboo Lemur","y25",NA,1.51,NA,NA,NA,NA,NA,NA,NA,1,NA,NA,NA,NA,NA,NA
"273","Eastern Lesser Bamboo Lemur","y3",0,1.13967647058824,120.666666666667,4422.33333333333,182.5,2524.5,12.2866666666667,7.25,6,33,6,6,6,6,5,6
"274","Eastern Lesser Bamboo Lemur","y4",4.4,1.05473484848485,58.8,2898.55,177.9,2850.35,11.28,5.99,7,29,7,7,7,7,7,7
"275","Eastern Lesser Bamboo Lemur","y5",5.875,1.07817291666667,113.625,5735.125,107.5625,2050.3125,12.10375,8.0125,5,28,5,5,5,5,5,5
"276","Eastern Lesser Bamboo Lemur","y6",11.875,1.13458653846154,131.5,3661.25,248.875,3046.5,11.9058333333333,7.1,7,29,7,7,7,7,7,7
"277","Eastern Lesser Bamboo Lemur","y7",5.6875,1.11019166666667,74.875,2855,137.4375,3545.75,11.668125,6.90625,5,29,5,5,5,5,6,6
"278","Eastern Lesser Bamboo Lemur","y8",0,1.11480833333333,77.6666666666667,3723.91666666667,374.666666666667,4528.58333333333,11.6825,8.68333333333333,4,24,4,4,4,4,4,4
"279","Eastern Lesser Bamboo Lemur","y9",0,1.08736,74.4166666666667,2808.25,293.916666666667,4323.41666666667,11.3991666666667,7.1,5,25,5,5,5,5,5,6
"280","Fat-tailed Dwarf Lemur","y0",NA,0.200554584703947,NA,NA,NA,NA,NA,NA,NA,70,NA,NA,NA,NA,NA,NA
"281","Fat-tailed Dwarf Lemur","y1",NA,0.258958854166667,NA,NA,NA,NA,NA,NA,NA,62,NA,NA,NA,NA,NA,NA
"282","Fat-tailed Dwarf Lemur","y10",NA,0.226923663101604,NA,NA,NA,NA,NA,NA,NA,39,NA,NA,NA,NA,NA,NA
"283","Fat-tailed Dwarf Lemur","y11",NA,0.234555555555556,NA,NA,NA,NA,NA,NA,NA,39,NA,NA,NA,NA,NA,NA
"284","Fat-tailed Dwarf Lemur","y12",0,0.22721432748538,0,5610,330,660,8.15,6.6,1,37,1,1,1,1,1,1
"285","Fat-tailed Dwarf Lemur","y13",0,0.234542028985507,222,2516,148,814,8.5,3.7,1,38,1,1,1,1,1,1
"286","Fat-tailed Dwarf Lemur","y14",NA,0.233732954545455,NA,NA,NA,NA,10.02,8.6,NA,34,NA,NA,NA,NA,1,1
"287","Fat-tailed Dwarf Lemur","y15",0,0.222934523809524,100,2672,60,1168,9.1975,5.25,2,33,2,2,2,2,3,3
"288","Fat-tailed Dwarf Lemur","y16",NA,0.2217,NA,NA,NA,NA,NA,NA,NA,30,NA,NA,NA,NA,NA,NA
"289","Fat-tailed Dwarf Lemur","y17",NA,0.223924836601307,NA,NA,NA,NA,NA,NA,NA,26,NA,NA,NA,NA,NA,NA
"290","Fat-tailed Dwarf Lemur","y18",NA,0.227402380952381,NA,NA,NA,NA,NA,NA,NA,22,NA,NA,NA,NA,NA,NA
"291","Fat-tailed Dwarf Lemur","y19",NA,0.222314102564103,NA,NA,NA,NA,NA,NA,NA,19,NA,NA,NA,NA,NA,NA
"292","Fat-tailed Dwarf Lemur","y2",NA,0.264575268817204,NA,NA,NA,NA,NA,NA,NA,55,NA,NA,NA,NA,NA,NA
"293","Fat-tailed Dwarf Lemur","y20",NA,0.220566666666667,NA,NA,NA,NA,NA,NA,NA,16,NA,NA,NA,NA,NA,NA
"294","Fat-tailed Dwarf Lemur","y21",0,0.215651785714286,0,1683,0,3417,9.38,5.1,1,11,1,1,1,1,1,1
"295","Fat-tailed Dwarf Lemur","y22",NA,0.21175,NA,NA,NA,NA,NA,NA,NA,6,NA,NA,NA,NA,NA,NA
"296","Fat-tailed Dwarf Lemur","y23",NA,0.187875,NA,NA,NA,NA,NA,NA,NA,4,NA,NA,NA,NA,NA,NA
"297","Fat-tailed Dwarf Lemur","y24",NA,0.183125,NA,NA,NA,NA,NA,NA,NA,3,NA,NA,NA,NA,NA,NA
"298","Fat-tailed Dwarf Lemur","y25",NA,0.184,NA,NA,NA,NA,NA,NA,NA,3,NA,NA,NA,NA,NA,NA
"299","Fat-tailed Dwarf Lemur","y26",NA,0.2495,NA,NA,NA,NA,NA,NA,NA,1,NA,NA,NA,NA,NA,NA
"300","Fat-tailed Dwarf Lemur","y27",NA,0.18,NA,NA,NA,NA,NA,NA,NA,1,NA,NA,NA,NA,NA,NA
"301","Fat-tailed Dwarf Lemur","y28",NA,0.1695,NA,NA,NA,NA,NA,NA,NA,1,NA,NA,NA,NA,NA,NA
"302","Fat-tailed Dwarf Lemur","y29",NA,0.207,NA,NA,NA,NA,NA,NA,NA,1,NA,NA,NA,NA,NA,NA
"303","Fat-tailed Dwarf Lemur","y3",NA,0.261315714285714,NA,NA,NA,NA,NA,NA,NA,60,NA,NA,NA,NA,NA,NA
"304","Fat-tailed Dwarf Lemur","y4",NA,0.264853947368421,NA,NA,NA,NA,NA,NA,NA,49,NA,NA,NA,NA,NA,NA
"305","Fat-tailed Dwarf Lemur","y5",NA,0.256520588235294,NA,NA,NA,NA,NA,NA,NA,47,NA,NA,NA,NA,NA,NA
"306","Fat-tailed Dwarf Lemur","y6",NA,0.236644375,NA,NA,NA,NA,NA,NA,NA,41,NA,NA,NA,NA,NA,NA
"307","Fat-tailed Dwarf Lemur","y7",NA,0.230374725877193,153.5,6144,307,845.5,9.89,7.45,NA,43,2,2,2,2,2,2
"308","Fat-tailed Dwarf Lemur","y8",NA,0.227600250626566,302,4648.5,405.5,2094,9.865,7.45,NA,40,2,2,2,2,2,2
"309","Fat-tailed Dwarf Lemur","y9",124,0.230102941176471,294.5,4801.66666666667,203.5,1758.33333333333,8.93,6.93333333333333,1,40,2,3,2,3,3,3
"310","Golden-crowned Sifaka","y0",49,1.07,0,1568,49,3234,7.23,4.9,1,1,1,1,1,1,1,1
"311","Golden-crowned Sifaka","y1",NA,2.32,NA,NA,NA,NA,NA,NA,NA,1,NA,NA,NA,NA,NA,NA
"312","Golden-crowned Sifaka","y10",NA,3.08,NA,NA,NA,NA,NA,NA,NA,1,NA,NA,NA,NA,NA,NA
"313","Golden-crowned Sifaka","y11",NA,3.54,NA,NA,NA,NA,NA,NA,NA,1,NA,NA,NA,NA,NA,NA
"314","Golden-crowned Sifaka","y2",0,2.64,0,960,720,10320,7.95,12,1,1,1,1,1,1,1,1
"315","Golden-crowned Sifaka","y3",0,3.01,69,1863,138,4830,7.2,6.9,1,1,1,1,1,1,1,1
"316","Golden-crowned Sifaka","y4",0,3.26,0,1782,0,3618,7.44,5.4,1,1,1,1,1,1,1,1
"317","Golden-crowned Sifaka","y5",0,3.405,0,2829,690,3381,7.47,6.9,1,1,1,1,1,1,1,1
"318","Golden-crowned Sifaka","y6",NA,3.12,NA,NA,NA,NA,NA,NA,NA,1,NA,NA,NA,NA,NA,NA
"319","Golden-crowned Sifaka","y7",0,3.19,0,1220,244,5612,7.25,12.2,1,1,1,1,1,1,1,1
"320","Golden-crowned Sifaka","y8",0,2.99,632,1659,395,5214,5.59,7.9,1,1,1,1,1,1,1,1
"321","Golden-crowned Sifaka","y9",NA,3.4,NA,NA,NA,NA,NA,NA,NA,1,NA,NA,NA,NA,NA,NA
"322","Grey Mouse Lemur","y0",NA,0.060765625,NA,NA,NA,NA,NA,NA,NA,48,NA,NA,NA,NA,NA,NA
"323","Grey Mouse Lemur","y1",NA,0.0911934782608696,NA,NA,NA,NA,NA,NA,NA,48,NA,NA,NA,NA,NA,NA
"324","Grey Mouse Lemur","y10",0,0.0752770676691729,132,1540,176,2552,11.14,4.4,1,40,1,1,1,1,1,1
"325","Grey Mouse Lemur","y11",NA,0.0734133333333333,NA,NA,NA,NA,NA,NA,NA,24,NA,NA,NA,NA,NA,NA
"326","Grey Mouse Lemur","y12",NA,0.0700535714285714,NA,NA,NA,NA,NA,NA,NA,12,NA,NA,NA,NA,NA,NA
"327","Grey Mouse Lemur","y13",NA,0.0690892857142857,NA,NA,NA,NA,NA,NA,NA,9,NA,NA,NA,NA,NA,NA
"328","Grey Mouse Lemur","y14",NA,0.0708916666666667,NA,NA,NA,NA,NA,NA,NA,7,NA,NA,NA,NA,NA,NA
"329","Grey Mouse Lemur","y15",NA,0.0619333333333333,NA,NA,NA,NA,NA,NA,NA,3,NA,NA,NA,NA,NA,NA
"330","Grey Mouse Lemur","y16",NA,0.0718,NA,NA,NA,NA,NA,NA,NA,1,NA,NA,NA,NA,NA,NA
"331","Grey Mouse Lemur","y17",NA,0.071225,NA,NA,NA,NA,NA,NA,NA,1,NA,NA,NA,NA,NA,NA
"332","Grey Mouse Lemur","y2",NA,0.0949863324175824,NA,NA,NA,NA,NA,NA,NA,54,NA,NA,NA,NA,NA,NA
"333","Grey Mouse Lemur","y3",NA,0.0924789553752536,NA,NA,NA,NA,NA,NA,NA,63,NA,NA,NA,NA,NA,NA
"334","Grey Mouse Lemur","y4",NA,0.0936704761904762,NA,NA,NA,NA,NA,NA,NA,58,NA,NA,NA,NA,NA,NA
"335","Grey Mouse Lemur","y5",NA,0.0885963709677419,NA,NA,NA,NA,NA,NA,NA,59,NA,NA,NA,NA,NA,NA
"336","Grey Mouse Lemur","y6",0,0.0872286858974359,988,3496,304,2812,8.41,7.6,1,50,1,1,1,1,1,1
"337","Grey Mouse Lemur","y7",NA,0.0884128019323671,NA,NA,NA,NA,NA,NA,NA,50,NA,NA,NA,NA,NA,NA
"338","Grey Mouse Lemur","y8",NA,0.0811204844006568,NA,NA,NA,NA,NA,NA,NA,50,NA,NA,NA,NA,NA,NA
"339","Grey Mouse Lemur","y9",NA,0.0799178853754941,NA,NA,NA,NA,8.66,8.5,NA,45,NA,NA,NA,NA,1,1
"340","Lesser Bushbaby","y0",0,0.0957199074074074,174,8004,87,435,8.21,8.7,1,63,1,1,1,1,1,1
"341","Lesser Bushbaby","y1",0,0.17368875,42,2982,84,1092,NA,4.2,1,36,1,1,1,1,NA,1
"342","Lesser Bushbaby","y10",NA,0.191958333333333,NA,NA,NA,NA,NA,NA,NA,7,NA,NA,NA,NA,NA,NA
"343","Lesser Bushbaby","y11",NA,0.160125,NA,NA,NA,NA,NA,NA,NA,5,NA,NA,NA,NA,NA,NA
"344","Lesser Bushbaby","y12",NA,0.128,NA,NA,NA,NA,NA,NA,NA,1,NA,NA,NA,NA,NA,NA
"345","Lesser Bushbaby","y13",NA,0.112,NA,NA,NA,NA,NA,NA,NA,1,NA,NA,NA,NA,NA,NA
"346","Lesser Bushbaby","y14",NA,0.10795,NA,NA,NA,NA,NA,NA,NA,1,NA,NA,NA,NA,NA,NA
"347","Lesser Bushbaby","y2",22,0.181364583333333,0,1496,88,594,10.1,2.2,1,35,1,1,1,1,1,1
"348","Lesser Bushbaby","y3",0,0.179864236111111,45,2777.5,147.5,1280,9.44,4.25,2,34,2,2,2,2,1,2
"349","Lesser Bushbaby","y4",0,0.177718333333333,169.5,5634.5,97.5,1673.5,8.96,7.7,3,35,3,3,3,3,2,2
"350","Lesser Bushbaby","y5",NA,0.179027777777778,NA,NA,NA,NA,8.47,3.6,NA,30,NA,NA,NA,NA,1,1
"351","Lesser Bushbaby","y6",0,0.180674019607843,40.75,3342.25,103,1448.5,8.065,4.95,3,29,3,3,3,3,3,3
"352","Lesser Bushbaby","y7",0,0.180660984848485,27,972,54,1647,6.67,2.7,1,23,1,1,1,1,1,1
"353","Lesser Bushbaby","y8",NA,0.1933125,NA,NA,NA,NA,NA,NA,NA,12,NA,NA,NA,NA,NA,NA
"354","Lesser Bushbaby","y9",0,0.178572916666667,0,3276,126,2898,NA,6.3,1,14,1,1,1,1,NA,1
"355","Mongoose Lemur","y0",0,0.506253162055336,344,3096,344,4816,7.86,8.6,1,45,1,1,1,1,1,1
"356","Mongoose Lemur","y1",16,1.37160317460317,239.5,5656.5,207.5,2180.5,9.335,8.3,4,39,4,4,4,4,4,4
"357","Mongoose Lemur","y10",0,1.58530882352941,190.75,2539.75,209.25,3268.58333333333,9.26541666666667,6.20833333333333,7,34,7,7,7,7,7,7
"358","Mongoose Lemur","y11",17.8333333333333,1.61396527777778,84.8333333333333,2332.33333333333,193.833333333333,2237.83333333333,7.99958333333333,5.04583333333333,6,34,6,6,6,6,7,7
"359","Mongoose Lemur","y12",0,1.63109722222222,217.625,2389.4375,223.625,3753.5,8.3796875,6.553125,10,36,10,10,10,10,10,10
"360","Mongoose Lemur","y13",0,1.60088492063492,0,2014,152,1634,7.32,3.8,1,32,1,1,1,1,1,1
"361","Mongoose Lemur","y14",0,1.63925833333333,123.666666666667,2290.41666666667,257.75,3869.83333333333,8.3625,6.615,5,32,5,5,5,5,7,7
"362","Mongoose Lemur","y15",0,1.60991666666667,203.5,2312.375,143.125,1878.5,8.6,5.21,5,29,5,5,5,5,7,7
"363","Mongoose Lemur","y16",0,1.65977556818182,164.3,2063.86666666667,94.9666666666667,2820.2,8.82291666666667,5.03333333333333,8,27,8,8,8,8,9,9
"364","Mongoose Lemur","y17",0,1.69231764705882,34,1064,83,2071,9.3675,3.4,2,27,2,2,2,2,3,3
"365","Mongoose Lemur","y18",9,1.62704117647059,79.8333333333333,1763.33333333333,126.166666666667,2471.66666666667,8.83916666666667,4.45,5,27,5,5,5,5,5,5
"366","Mongoose Lemur","y19",0,1.67206315789474,112.75,2760,174,2097.75,9.05416666666667,4.63333333333333,5,29,5,5,5,5,6,6
"367","Mongoose Lemur","y2",0,1.55649642857143,0,3108,0,5292,9.63,8.4,1,41,1,1,1,1,1,1
"368","Mongoose Lemur","y20",0,1.67003835227273,263.333333333333,2331.75,136,2910.58333333333,8.74416666666667,6.13333333333333,7,27,7,7,7,7,7,6
"369","Mongoose Lemur","y21",0,1.63118333333333,173.75,2092.75,163,2234.75,8.28875,4.525,4,28,4,4,4,4,4,4
"370","Mongoose Lemur","y22",0,1.600475,280.333333333333,1585.33333333333,217.5,2598.5,9.5775,4.5875,5,26,5,5,5,5,5,5
"371","Mongoose Lemur","y23",0,1.60205555555556,270.5,1954.16666666667,229.833333333333,2278.83333333333,9.10625,5.7,3,24,3,3,3,3,4,4
"372","Mongoose Lemur","y24",0,1.625675,59.75,1595.875,227.875,2497.875,9.111875,4.2875,5,25,5,5,5,5,5,5
"373","Mongoose Lemur","y25",0,1.62724175824176,102.75,1693,111,2393.25,8.80416666666667,4.75833333333333,4,20,4,4,4,4,5,5
"374","Mongoose Lemur","y26",0,1.6365,48,1392,192,3168,8.79,4.8,1,16,1,1,1,1,1,1
"375","Mongoose Lemur","y27",0,1.73190151515152,24.75,1966,187.5,2471.75,8.535,4.65,2,17,2,2,2,2,2,2
"376","Mongoose Lemur","y28",0,1.77124305555556,0,2016,164.5,2369.5,8.67333333333333,4.73333333333333,2,13,2,2,2,2,3,3
"377","Mongoose Lemur","y29",NA,1.74829166666667,NA,NA,NA,NA,NA,NA,NA,13,NA,NA,NA,NA,NA,NA
"378","Mongoose Lemur","y3",0,1.53646052631579,173.791666666667,4401.70833333333,100.416666666667,2595.91666666667,9.27625,7.0125,5,38,5,5,5,5,6,6
"379","Mongoose Lemur","y30",0,1.51878571428571,25,1450,138,3087,11.32,4.7,2,8,2,2,2,2,2,2
"380","Mongoose Lemur","y31",NA,1.5,NA,NA,NA,NA,NA,NA,NA,1,NA,NA,NA,NA,NA,NA
"381","Mongoose Lemur","y32",NA,1.7,NA,NA,NA,NA,NA,NA,NA,1,NA,NA,NA,NA,NA,NA
"382","Mongoose Lemur","y4",0,1.51417845394737,180.25,2586.2375,106.5,2875.6875,9.26125,5.9725,5,35,5,5,5,5,6,6
"383","Mongoose Lemur","y5",0,1.55546428571429,199.666666666667,2702,62,2169.66666666667,9.655,5.1,3,28,3,3,3,3,4,4
"384","Mongoose Lemur","y6",30,1.58460897435897,203,1830.5,203.833333333333,4116,8.53125,7.15,4,31,4,4,4,4,6,6
"385","Mongoose Lemur","y7",0,1.56538461538462,296.333333333333,3388.41666666667,209.25,2514.33333333333,8.840625,6.30625,7,28,7,7,7,7,8,8
"386","Mongoose Lemur","y8",4.33333333333333,1.60115264423077,355,2903.33333333333,106.25,2130.25,10.41875,5.7375,5,29,5,5,4,5,6,6
"387","Mongoose Lemur","y9",3.65,1.59315170278638,149.866666666667,2512.86666666667,170.8,2984.48333333333,8.461,5.82166666666667,11,36,11,11,11,11,11,11
"388","Northern Giant Mouse Lemur","y0",NA,0.189712179487179,NA,NA,NA,NA,NA,NA,NA,25,NA,NA,NA,NA,NA,NA
"389","Northern Giant Mouse Lemur","y1",0,0.293714479638009,60,1980,120,3840,8.39,6,1,30,1,1,1,1,1,1
"390","Northern Giant Mouse Lemur","y10",0,0.304953846153846,119.5,5143.5,475.875,5503,7.15,11.375,3,26,3,3,3,3,3,3
"391","Northern Giant Mouse Lemur","y11",0,0.312235769230769,264,3498,132,2706,7.25,10.95,1,23,1,1,1,1,2,2
"392","Northern Giant Mouse Lemur","y12",NA,0.302280303030303,NA,NA,NA,NA,NA,NA,NA,20,NA,NA,NA,NA,NA,NA
"393","Northern Giant Mouse Lemur","y13",14.3333333333333,0.292906818181818,172.666666666667,2618.13333333333,337.133333333333,4851.06666666667,6.685,7.99333333333333,3,21,3,3,3,3,2,3
"394","Northern Giant Mouse Lemur","y14",0,0.300059523809524,504,4032,126,7938,7.86,12.6,1,13,1,1,1,1,1,1
"395","Northern Giant Mouse Lemur","y15",NA,0.2854,NA,NA,NA,NA,NA,NA,NA,10,NA,NA,NA,NA,NA,NA
"396","Northern Giant Mouse Lemur","y16",NA,0.247875,NA,NA,NA,NA,NA,NA,NA,5,NA,NA,NA,NA,NA,NA
"397","Northern Giant Mouse Lemur","y17",NA,0.2215,NA,NA,NA,NA,NA,NA,NA,2,NA,NA,NA,NA,NA,NA
"398","Northern Giant Mouse Lemur","y18",NA,0.1925,NA,NA,NA,NA,NA,NA,NA,1,NA,NA,NA,NA,NA,NA
"399","Northern Giant Mouse Lemur","y2",0,0.301021428571429,0,7785.5,289.5,4025,8.37,12.1,1,30,1,1,1,1,1,1
"400","Northern Giant Mouse Lemur","y3",NA,0.291019736842105,NA,NA,NA,NA,NA,NA,NA,35,NA,NA,NA,NA,NA,NA
"401","Northern Giant Mouse Lemur","y4",0,0.29996875,129,5767,106,4535,8.18,10.6,2,30,2,2,2,2,2,2
"402","Northern Giant Mouse Lemur","y5",0,0.295032159090909,217.916666666667,3295.75,115.583333333333,4187.41666666667,8.12166666666667,7.81666666666667,4,31,4,4,4,4,4,4
"403","Northern Giant Mouse Lemur","y6",0,0.295286324786325,173.166666666667,2785.83333333333,191.666666666667,3278.5,7.67333333333333,6.98333333333333,4,31,4,4,3,4,5,5
"404","Northern Giant Mouse Lemur","y7",0,0.306978787878788,30,3425,324,4023,7.8,7.9,2,26,2,2,2,2,2,2
"405","Northern Giant Mouse Lemur","y8",0,0.313845454545455,207.75,7003,152.75,4911.5,8.575,12.275,4,26,4,4,4,4,4,4
"406","Northern Giant Mouse Lemur","y9",NA,0.311425,NA,NA,NA,NA,NA,NA,NA,24,NA,NA,NA,NA,NA,NA
"407","Pygmy Slow Loris","y0",0,0.161798088235294,1440,8352,432,4176,6.37,14.4,1,37,1,1,1,1,1,1
"408","Pygmy Slow Loris","y1",26.5,0.538416666666667,147,5844,167,3290.5,4.89,9.475,3,23,3,3,3,3,3,3
"409","Pygmy Slow Loris","y10",0,0.512303571428571,60.5,8917.5,193,4079,4.475,11.575,2,12,2,2,2,2,3,3
"410","Pygmy Slow Loris","y11",166,0.500258928571429,87,8958,771,7101,4.91,18.45,1,11,2,2,2,2,2,2
"411","Pygmy Slow Loris","y12",82,0.523208333333333,164,3772,82,4100,NA,8.2,1,7,1,1,1,1,NA,1
"412","Pygmy Slow Loris","y13",NA,0.4805,NA,NA,NA,NA,NA,NA,NA,5,NA,NA,NA,NA,NA,NA
"413","Pygmy Slow Loris","y14",NA,0.4575,NA,NA,NA,NA,NA,NA,NA,3,NA,NA,NA,NA,NA,NA
"414","Pygmy Slow Loris","y15",0,0.435,0,7224,516,5160,4.68,12.9,1,2,1,1,1,1,1,1
"415","Pygmy Slow Loris","y16",NA,0.3975,NA,NA,NA,NA,NA,NA,NA,1,NA,NA,NA,NA,NA,NA
"416","Pygmy Slow Loris","y17",NA,0.3865,NA,NA,NA,NA,NA,NA,NA,1,NA,NA,NA,NA,NA,NA
"417","Pygmy Slow Loris","y18",NA,0.362,NA,NA,NA,NA,NA,NA,NA,1,NA,NA,NA,NA,NA,NA
"418","Pygmy Slow Loris","y19",NA,0.36,NA,NA,NA,NA,NA,NA,NA,1,NA,NA,NA,NA,NA,NA
"419","Pygmy Slow Loris","y2",54.5,0.553452991452992,47.6666666666667,5670.33333333333,461.666666666667,5026.5,5.25,9.81666666666667,3,22,3,3,3,3,3,3
"420","Pygmy Slow Loris","y3",0,0.54551,0,7474,202,2424,3.96,10.1,1,19,1,1,1,1,1,1
"421","Pygmy Slow Loris","y4",24.9,0.550877272727273,0,6913.8,218.45,3142.85,5.225,10.3,2,16,2,2,2,2,2,2
"422","Pygmy Slow Loris","y5",NA,0.578405555555556,NA,NA,NA,NA,NA,NA,NA,14,NA,NA,NA,NA,NA,NA
"423","Pygmy Slow Loris","y6",61,0.558394444444444,0,7559,430,4250,5.345,12.3,2,14,2,2,2,2,2,2
"424","Pygmy Slow Loris","y7",18.8,0.53545,0,6307.4,291.4,2782.4,4.3,9.4,1,14,1,1,1,1,1,1
"425","Pygmy Slow Loris","y8",0,0.541,0,6630,612,2958,5.35,12.175,1,14,1,1,1,1,3,3
"426","Pygmy Slow Loris","y9",NA,0.500578571428571,NA,NA,NA,NA,NA,NA,NA,12,NA,NA,NA,NA,NA,NA
"427","Red-bellied Lemur","y0",NA,0.720339285714286,NA,NA,NA,NA,NA,NA,NA,12,NA,NA,NA,NA,NA,NA
"428","Red-bellied Lemur","y1",68,1.883,313,6589,165.5,2410.5,9.76,7.2,2,8,2,2,2,2,2,2
"429","Red-bellied Lemur","y10",0,2.1575,328.875,4768.25,316.75,5673.625,8.6475,9.6375,3,10,3,3,3,3,3,3
"430","Red-bellied Lemur","y11",NA,2.31625,NA,NA,NA,NA,NA,4.5,NA,11,NA,NA,NA,NA,NA,1
"431","Red-bellied Lemur","y12",0,2.2575,29.8,2636.6,321,8731.8,9.349,12.49,5,10,5,5,5,6,6,6
"432","Red-bellied Lemur","y13",20.25,2.238,287.5,3560.75,419.25,5687.25,8.2775,12.5,3,11,3,3,3,3,4,2
"433","Red-bellied Lemur","y14",0,2.278,135,3915,1350,8100,7.42,12.7,1,9,1,1,1,1,1,1
"434","Red-bellied Lemur","y15",48.5,2.31958333333333,87.5,3855,214,2595,8.6,8.25,2,7,2,2,2,2,2,2
"435","Red-bellied Lemur","y16",0,2.398125,163.25,2848.75,323,5090,8.585,7.975,3,8,3,3,3,3,3,3
"436","Red-bellied Lemur","y17",0,2.20270833333333,84,4952,336,3028,8.83,7.15,2,7,2,2,2,2,2,2
"437","Red-bellied Lemur","y18",0,2.275,315,3465,315,6405,8.02,10.5,1,7,1,1,1,1,1,1
"438","Red-bellied Lemur","y19",0,2.30760416666667,77,3060.5,304.5,3458,7.99916666666667,8.59166666666667,2,7,2,2,2,2,4,4
"439","Red-bellied Lemur","y2",0,2.1013,0,540,45,3915,10.2,5.2,1,10,1,1,1,1,1,1
"440","Red-bellied Lemur","y20",0,2.391875,148.5,2662.5,336,5553,8.265,7.6,2,7,2,2,2,2,3,3
"441","Red-bellied Lemur","y21",NA,2.51916666666667,NA,NA,NA,NA,10.35,NA,NA,6,NA,NA,NA,NA,1,NA
"442","Red-bellied Lemur","y22",0,2.46166666666667,166,3403,415,4316,7.74,9.6,1,6,1,1,1,1,1,1
"443","Red-bellied Lemur","y23",0,2.31833333333333,565,2741,358.5,7185.5,8.71,10.85,3,5,3,3,3,3,3,3
"444","Red-bellied Lemur","y24",0,2.38166666666667,208,2941,219,6482,8.73,9.85,2,5,2,2,2,2,2,2
"445","Red-bellied Lemur","y25",0,2.1325,432.5,3843.5,414,7360,8.995,12.05,2,5,2,2,2,2,2,2
"446","Red-bellied Lemur","y26",0,2.39166666666667,0,1550,496,4154,8.52,6.2,1,4,1,1,1,1,1,1
"447","Red-bellied Lemur","y27",0,2.285,228,1596,456,5320,8.34,7.6,1,3,1,1,1,1,1,1
"448","Red-bellied Lemur","y28",NA,2.235,NA,NA,NA,NA,8.9,11.2,NA,3,NA,NA,NA,NA,1,1
"449","Red-bellied Lemur","y29",0,2.056875,258,2924,344,5074,7.94,8.6,1,3,1,1,1,1,1,1
"450","Red-bellied Lemur","y3",4.33333333333333,2.00527083333333,269.416666666667,3650.5,96.25,3554.5,9.12583333333333,9.00833333333333,5,12,5,5,5,5,5,5
"451","Red-bellied Lemur","y30",0,2.18,94,2444,470,6392,8.62,9.4,1,1,1,1,1,1,1,1
"452","Red-bellied Lemur","y31",NA,2.22,NA,NA,NA,NA,NA,NA,NA,1,NA,NA,NA,NA,NA,NA
"453","Red-bellied Lemur","y32",NA,2.2,NA,NA,NA,NA,NA,NA,NA,1,NA,NA,NA,NA,NA,NA
"454","Red-bellied Lemur","y4",0,2.14320833333333,688.5,4085.5,211.75,4489.25,8.98,8.875,3,11,3,3,3,3,3,4
"455","Red-bellied Lemur","y5",0,2.09320833333333,161.5,3478.5,126,2534,8.8375,9.9,2,10,2,2,2,2,3,2
"456","Red-bellied Lemur","y6",0,2.19666666666667,97,2813,485,6305,8.28,6.425,1,10,1,1,1,1,2,3
"457","Red-bellied Lemur","y7",0,2.2205,267.5,3057.5,137.5,3087.5,8.09166666666667,6.93333333333333,4,8,4,4,4,4,6,5
"458","Red-bellied Lemur","y8",0,2.154125,95,2555.5,45.6666666666667,2387.16666666667,8.77166666666667,6.4,5,9,5,5,5,5,5,4
"459","Red-bellied Lemur","y9",0,2.050325,1,50,4,45,9.1,7.6,1,9,1,1,1,1,1,1
"460","Red-fronted Lemur","y0",0,0.66774546875,413,4786,808.5,6242.5,8.4475,12.25,2,57,2,2,2,2,2,2
"461","Red-fronted Lemur","y1",0,1.79414484126984,520.375,5864.625,141.375,2584.125,8.3475,9.2875,4,25,4,4,4,4,4,4
"462","Red-fronted Lemur","y10",0,2.31682045454545,330,3978,147.25,3931,7.825,8.675,3,21,3,3,3,3,3,3
"463","Red-fronted Lemur","y11",0,2.27963888888889,111,2824,164,2451,8.00333333333333,4.4,2,18,2,2,2,2,3,3
"464","Red-fronted Lemur","y12",0,2.37060416666667,0,931,147,3822,9.35,3.55,1,17,1,1,1,1,2,2
"465","Red-fronted Lemur","y13",0,2.29919791666667,115.5,2777,141,3366.5,8.06,6.4,2,17,2,2,2,2,2,2
"466","Red-fronted Lemur","y14",0,2.25448412698413,556,4386,182,3476,7.575,9,2,16,2,2,2,2,3,3
"467","Red-fronted Lemur","y15",0,2.26921875,319.333333333333,3447,152.166666666667,3282.66666666667,7.73,7.4,4,16,4,4,4,4,5,5
"468","Red-fronted Lemur","y16",0,2.32405357142857,318,1802,212,2968,7.12,5.3,1,15,1,1,1,1,1,1
"469","Red-fronted Lemur","y17",0,2.3299,340,3570,255,4335,7.03,8.5,1,18,1,1,1,1,1,1
"470","Red-fronted Lemur","y18",0,2.28866666666667,308,2112,132,1848,7.61,4.4,1,18,1,1,1,1,1,1
"471","Red-fronted Lemur","y19",NA,2.17229761904762,NA,NA,NA,NA,NA,NA,NA,16,NA,NA,NA,NA,NA,NA
"472","Red-fronted Lemur","y2",11.75,2.04278571428571,192.5,3910.25,128.5,6285,7.81,10.8,2,24,2,2,2,2,2,2
"473","Red-fronted Lemur","y20",0,2.17357142857143,255,3997,403.5,7144.5,8.12,11.8,2,14,2,2,2,2,2,2
"474","Red-fronted Lemur","y21",0,2.31285714285714,421.5,2265,415.5,3213,8.665,6.45,1,14,1,1,1,1,1,1
"475","Red-fronted Lemur","y22",0,2.34166666666667,888,3774,666,5772,9.3,11.1,1,12,1,1,1,1,1,1
"476","Red-fronted Lemur","y23",NA,2.3315,NA,NA,NA,NA,7.69,6.3,NA,10,NA,NA,NA,NA,1,1
"477","Red-fronted Lemur","y24",NA,2.22154166666667,NA,NA,NA,NA,NA,NA,NA,11,NA,NA,NA,NA,NA,NA
"478","Red-fronted Lemur","y25",NA,2.140375,NA,NA,NA,NA,NA,NA,NA,9,NA,NA,NA,NA,NA,NA
"479","Red-fronted Lemur","y26",0,2.2975,196,3528,196,5880,7.27,9.8,1,7,1,1,1,1,1,1
"480","Red-fronted Lemur","y27",NA,2.22833333333333,NA,NA,NA,NA,NA,NA,NA,5,NA,NA,NA,NA,NA,NA
"481","Red-fronted Lemur","y28",0,2.18333333333333,335,1541,201,4623,8.42,6.7,1,5,1,1,1,1,1,1
"482","Red-fronted Lemur","y29",NA,2.255,NA,NA,NA,NA,NA,NA,NA,4,NA,NA,NA,NA,NA,NA
"483","Red-fronted Lemur","y3",0,2.13464583333333,139,6365,53,1142,7.955,8.7,2,22,2,2,2,2,2,2
"484","Red-fronted Lemur","y30",NA,2.08,NA,NA,NA,NA,NA,NA,NA,3,NA,NA,NA,NA,NA,NA
"485","Red-fronted Lemur","y31",NA,2.25,NA,NA,NA,NA,NA,NA,NA,2,NA,NA,NA,NA,NA,NA
"486","Red-fronted Lemur","y32",NA,2,NA,NA,NA,NA,NA,NA,NA,1,NA,NA,NA,NA,NA,NA
"487","Red-fronted Lemur","y33",NA,1.9,NA,NA,NA,NA,NA,NA,NA,1,NA,NA,NA,NA,NA,NA
"488","Red-fronted Lemur","y4",0,2.18358928571429,427.5,6988,435,3343,8.685,11.6,2,24,2,2,2,2,2,2
"489","Red-fronted Lemur","y5",2.5,2.152975,69,3406.83333333333,189.833333333333,4281.83333333333,8.81666666666667,7.95,6,20,6,6,6,6,6,6
"490","Red-fronted Lemur","y6",0,2.31761538461538,101,2983,54,4361.5,7.7825,7.625,2,23,2,2,2,2,2,2
"491","Red-fronted Lemur","y7",0,2.27029545454545,117,1663,64.5,2562.75,8.76375,4.375,3,22,3,3,2,3,3,3
"492","Red-fronted Lemur","y8",0,2.32847727272727,147.5,1197.5,188.75,3278.5,8.34833333333333,6.61666666666667,2,21,2,2,2,2,3,3
"493","Red-fronted Lemur","y9",22.75,2.21254166666667,34.5,3218.25,121.5,3555,9.1125,7.35,3,21,3,3,3,3,3,3
"494","Red-ruffed Lemur","y0",38.25,1.62682743350311,0,4307.25,410.25,4844.25,8.88875,9.6,6,119,6,6,6,6,6,6
"495","Red-ruffed Lemur","y1",11.1,3.29317216285925,101.9,4689.95,294.35,3563.95,9.33571428571429,8.96428571428571,7,105,7,7,7,7,9,9
"496","Red-ruffed Lemur","y10",0,3.72741344605475,68,2824.5,255.083333333333,4160.75,9.183125,7.13125,4,50,4,4,4,4,5,5
"497","Red-ruffed Lemur","y11",8.125,3.82820684210526,109.333333333333,2186.5,236.875,3771.66666666667,9.08333333333333,6.3125,7,44,7,7,7,7,7,7
"498","Red-ruffed Lemur","y12",0,3.85469375,205.166666666667,3076.83333333333,118.666666666667,3050.66666666667,8.83333333333333,6.43333333333333,6,44,6,6,6,6,6,6
"499","Red-ruffed Lemur","y13",0,3.82500852272727,215.041666666667,2336.41666666667,238.708333333333,3480.66666666667,8.91958333333333,6.27083333333333,7,46,7,7,7,7,7,7
"500","Red-ruffed Lemur","y14",0,3.79568,237.25,2448.625,204.125,2797.5,9.41375,5.6875,6,50,6,6,6,6,6,6
"501","Red-ruffed Lemur","y15",0,3.82987629399586,97.8333333333333,2128.41666666667,128.75,2720,8.919375,5.16875,4,44,4,4,4,4,5,5
"502","Red-ruffed Lemur","y16",10.6666666666667,3.96576851851852,101.666666666667,2032.66666666667,316,2805.66666666667,8.7925,5.3125,4,54,4,4,4,4,5,5
"503","Red-ruffed Lemur","y17",0,3.88695380952381,157,1364.5,200,3966,8.31666666666667,5.6875,4,46,4,4,4,4,5,4
"504","Red-ruffed Lemur","y18",5,3.86225416666667,214.966666666667,2225.98333333333,305.95,2993.93333333333,8.2675,5.74583333333333,7,38,7,7,7,7,7,7
"505","Red-ruffed Lemur","y19",2.1,3.94971904024768,246.1,2067.3,257.1,2852.5,9.24,5.425,4,36,4,4,4,4,4,4
"506","Red-ruffed Lemur","y2",0,3.53148327759197,265.583333333333,3693.25,354.166666666667,3878.66666666667,9.34833333333333,8.19166666666667,9,98,9,9,9,9,9,9
"507","Red-ruffed Lemur","y20",0,3.94815,247.5,1132.5,144.5,3375.5,8.195,4.9,2,33,2,2,2,2,2,2
"508","Red-ruffed Lemur","y21",0,3.79239981617647,291,2136,258,4215,9.095,5.675,2,33,2,2,2,2,3,3
"509","Red-ruffed Lemur","y22",0,3.73843137254902,104.6125,1500.225,307.6375,3962.675,9.115,5.875,5,29,5,5,5,5,5,5
"510","Red-ruffed Lemur","y23",0,3.76957291666667,308,1142.4,128.8,4021,7.31,5.6,1,23,1,1,1,1,1,1
"511","Red-ruffed Lemur","y24",0,3.67648106060606,35,990,207.5,3267.5,8.37,4.5,2,23,2,2,2,2,2,2
"512","Red-ruffed Lemur","y25",0,3.55515934065934,122.3,1718.5,93.625,2216.25,9.43,4.15,2,20,2,2,2,2,2,2
"513","Red-ruffed Lemur","y26",NA,3.61568055555556,NA,NA,NA,NA,NA,NA,NA,13,NA,NA,NA,NA,NA,NA
"514","Red-ruffed Lemur","y27",NA,3.78701785714286,NA,NA,NA,NA,NA,NA,NA,11,NA,NA,NA,NA,NA,NA
"515","Red-ruffed Lemur","y28",0,3.6195,203.9,1079.3,198.35,2968.5,9.02,5.2,1,11,1,1,1,1,1,1
"516","Red-ruffed Lemur","y29",0,3.745,327.6,1180.2,218.4,2474,9.12,4.2,1,9,1,1,1,1,1,1
"517","Red-ruffed Lemur","y3",20.6666666666667,3.62678977968176,60.0833333333333,3575.91666666667,135.5,2899.5,9.42483333333333,6.77166666666667,8,81,8,8,8,8,11,11
"518","Red-ruffed Lemur","y30",NA,3.79083333333333,NA,NA,NA,NA,NA,NA,NA,5,NA,NA,NA,NA,NA,NA
"519","Red-ruffed Lemur","y31",NA,3.66916666666667,NA,NA,NA,NA,NA,NA,NA,4,NA,NA,NA,NA,NA,NA
"520","Red-ruffed Lemur","y32",NA,3.485,NA,NA,NA,NA,NA,NA,NA,4,NA,NA,NA,NA,NA,NA
"521","Red-ruffed Lemur","y33",NA,2.91,NA,NA,NA,NA,NA,NA,NA,2,NA,NA,NA,NA,NA,NA
"522","Red-ruffed Lemur","y35",NA,3.32,NA,NA,NA,NA,11.17,10.3,NA,1,NA,NA,NA,NA,1,1
"523","Red-ruffed Lemur","y4",0,3.70719260620915,98.88,3377.33,206.31,5089.88,9.3145,8.795,6,70,6,6,6,6,6,6
"524","Red-ruffed Lemur","y5",0,3.71383771929825,144.2,2856,146.05,3443.55,9.33625,6.5,10,74,10,10,10,10,12,12
"525","Red-ruffed Lemur","y6",0,3.68844140625,401.666666666667,2323.16666666667,452.666666666667,5883.58333333333,9.2375,8.875,4,64,4,4,4,4,5,5
"526","Red-ruffed Lemur","y7",0,3.62677696572581,221.75,2001.5,291.125,4035.625,8.787,6.63333333333333,6,63,6,6,6,6,8,7
"527","Red-ruffed Lemur","y8",33.5,3.74175625,0,3086,288.5,4642,8.98,8.05,2,48,2,2,2,2,2,2
"528","Red-ruffed Lemur","y9",0,3.796574375,62.5,1926.25,56.75,3629.5,8.0925,5.675,2,57,2,2,2,2,2,2
"529","Ringtailed Lemur","y0",3.41730769230769,0.771447230392157,69.3240384615385,3742.92307692308,205.411538461538,3239.42211538462,6.99188461538462,7.29163461538462,33,91,33,33,33,33,33,33
"530","Ringtailed Lemur","y1",0,1.84724149659864,81.8228744939271,3685.10728744939,177.637651821862,3714.97672064777,7.1265701754386,7.61929824561404,32,91,32,32,32,32,34,34
"531","Ringtailed Lemur","y10",5,2.65226313813814,120.854166666667,2376.0625,353.833333333333,4302.45833333333,7.65479166666667,7.11607142857143,14,73,14,14,14,14,14,15
"532","Ringtailed Lemur","y11",0,2.67277562388592,78.3472222222222,2147.70833333333,207.138888888889,3325.13888888889,7.80638888888889,5.75833333333333,13,67,13,13,13,13,13,13
"533","Ringtailed Lemur","y12",0,2.67263569518717,131.5,2262.125,266,3052.875,7.7775,5.7125,6,67,6,6,6,6,6,6
"534","Ringtailed Lemur","y13",6.25,2.6737587594697,142.833333333333,2577.28888888889,225.688888888889,3195.16111111111,7.69694444444444,6.14722222222222,15,65,15,15,15,15,15,15
"535","Ringtailed Lemur","y14",0,2.66612916666667,67.5,3068.75,492.916666666667,4237.5,7.301,7.86666666666667,7,54,7,7,7,7,6,7
"536","Ringtailed Lemur","y15",0,2.72676045150502,147.083333333333,2360.2,279.733333333333,2847.98333333333,7.59666666666667,5.635,11,49,11,11,11,11,11,11
"537","Ringtailed Lemur","y16",0,2.80227568922306,61.75,2039,251.5,3622.75,7.23875,5.975,8,40,8,8,8,8,8,8
"538","Ringtailed Lemur","y17",0,2.77055147058824,85.375,2620.83333333333,354.291666666667,3881.16666666667,7.6975,6.94166666666667,7,37,7,7,7,7,7,7
"539","Ringtailed Lemur","y18",0,2.72733333333333,137.333333333333,3085.33333333333,307.833333333333,3886.16666666667,7.43333333333333,7.41666666666667,6,35,6,6,6,6,6,6
"540","Ringtailed Lemur","y19",0,2.72221205357143,71.75,1837,282,4409.25,7.3925,6.6,3,30,3,3,3,3,3,3
"541","Ringtailed Lemur","y2",9.02136752136752,2.29932516924565,117.134615384615,3202.42735042735,285.207264957265,3555.22222222222,7.52998076923077,7.18576923076923,22,91,22,22,22,22,23,23
"542","Ringtailed Lemur","y20",9.6,2.646328125,27.6,2794.7,259.6,2768.5,7.892,5.86,6,28,6,6,6,6,6,6
"543","Ringtailed Lemur","y21",0,2.67428571428571,144.875,1703,169.625,4657.5,7.81875,6.675,5,28,5,5,5,5,5,5
"544","Ringtailed Lemur","y22",0,2.58788461538462,62.8333333333333,2448.33333333333,251,3553.16666666667,7.62125,6.0625,4,26,4,4,4,4,5,5
"545","Ringtailed Lemur","y23",0,2.63568560606061,740,2740,320,4200,7.58,8,2,23,2,2,2,2,2,2
"546","Ringtailed Lemur","y24",0,2.578125,86,2609.5,238.5,4616,7.73,7.55,3,19,3,3,3,3,3,3
"547","Ringtailed Lemur","y25",0,2.4521875,41.5,2822,415,5021.5,7.395,7.625,2,17,2,2,2,2,3,3
"548","Ringtailed Lemur","y26",0,2.52375,309,4018,340,5833,7.945,10.3,2,12,2,2,2,2,3,3
"549","Ringtailed Lemur","y27",NA,2.56285714285714,NA,NA,NA,NA,NA,NA,NA,12,NA,NA,NA,NA,NA,NA
"550","Ringtailed Lemur","y28",0,2.435,216,4320,504,2160,6.15,7.2,1,7,1,1,1,1,1,1
"551","Ringtailed Lemur","y29",NA,2.3625,NA,NA,NA,NA,NA,NA,NA,5,NA,NA,NA,NA,NA,NA
"552","Ringtailed Lemur","y3",1.56666666666667,2.42897876262626,121.854166666667,2603.94166666667,235.9625,4151.51875,7.34034722222222,6.98645833333333,23,89,23,23,23,23,25,25
"553","Ringtailed Lemur","y30",0,2.25833333333333,336,4536,420,3108,6.8,8.4,1,4,1,1,1,1,1,1
"554","Ringtailed Lemur","y31",114,2.38308333333333,171,2679,171,2565,7.61,5.7,1,4,1,1,1,1,1,1
"555","Ringtailed Lemur","y32",NA,2.5375,NA,NA,NA,NA,NA,NA,NA,3,NA,NA,NA,NA,NA,NA
"556","Ringtailed Lemur","y4",5.5,2.52442637814313,108.783333333333,2696.39117647059,224.65,3886.73431372549,7.56722222222222,6.95555555555556,26,91,26,26,26,26,27,27
"557","Ringtailed Lemur","y5",1.5,2.54873964646465,100.516233766234,2285.81006493506,160.837662337662,3853.00324675325,7.411,6.41996753246753,25,89,25,25,25,25,24,25
"558","Ringtailed Lemur","y6",0,2.59961523892774,134.494047619048,2058.23412698413,190.894841269841,4231.99404761905,7.5803373015873,6.73492063492063,25,83,25,25,25,25,25,25
"559","Ringtailed Lemur","y7",0,2.62883301158301,76,2420.89583333333,179.989583333333,3218.39583333333,7.27364583333333,5.92916666666667,14,79,14,14,14,14,14,14
"560","Ringtailed Lemur","y8",0,2.61579285714286,117.410714285714,2565.28214285714,185.471428571429,3044.18928571429,7.457625,6.0525,17,75,17,17,17,17,18,18
"561","Ringtailed Lemur","y9",17,2.62100263157895,314.666666666667,2478.53571428571,234.833333333333,3882.34523809524,7.091875,6.853125,10,73,10,10,10,10,12,12
"562","Sanford's Lemur","y0",NA,1.14861666666667,NA,NA,NA,NA,NA,NA,NA,8,NA,NA,NA,NA,NA,NA
"563","Sanford's Lemur","y1",0,1.83625,245,3528,0,1127,7.46,4.9,1,10,1,1,1,1,1,1
"564","Sanford's Lemur","y10",32.5,2.078,25.5,2574.25,308.25,3659.5,8.295,6.6,3,10,3,3,3,3,3,3
"565","Sanford's Lemur","y11",0,2.0225,108,2304,309,4179,7.94,6.9,2,10,2,2,2,2,2,2
"566","Sanford's Lemur","y12",0,1.99744047619048,328.5,2738.5,129.5,2953.5,6.56,6.15,2,13,2,2,2,2,2,2
"567","Sanford's Lemur","y13",33.5,2.07171428571429,272.75,2588.75,229.5,3850.5,7.1875,6.975,3,12,3,3,3,3,3,3
"568","Sanford's Lemur","y14",10,2.08842261904762,154.25,4008.25,203.5,2649,7.0675,7.025,4,13,4,4,4,4,4,4
"569","Sanford's Lemur","y15",0,2.04028571428571,127.5,2652.5,171,2749,6.535,5.7,2,12,2,2,2,2,2,2
"570","Sanford's Lemur","y16",0,2.02714285714286,66.75,2894,142,2447.25,7.185,5.55,3,12,3,3,3,3,3,3
"571","Sanford's Lemur","y17",28,2.00807142857143,126.5,2396,150,2449.5,7.27,5.15,2,12,2,2,2,2,2,2
"572","Sanford's Lemur","y18",0,2.05330357142857,45,2610,180,1665,8.28,4.5,1,11,1,1,1,1,1,1
"573","Sanford's Lemur","y19",0,2.02267857142857,349.5,2227.5,226.5,3746.5,6.035,6.55,2,11,2,2,2,2,2,2
"574","Sanford's Lemur","y2",18.5,2.02298214285714,92.5,2275.5,37,3126.5,7.105,5.55,2,14,2,2,2,2,2,2
"575","Sanford's Lemur","y20",0,1.95776785714286,134,4020,134,2412,6.66,6.7,1,11,1,1,1,1,1,1
"576","Sanford's Lemur","y21",0,2.01833333333333,44,1232,88,3036,6.63,4.4,1,8,1,1,1,1,1,1
"577","Sanford's Lemur","y22",NA,1.98958333333333,NA,NA,NA,NA,NA,NA,NA,5,NA,NA,NA,NA,NA,NA
"578","Sanford's Lemur","y23",NA,1.9625,NA,NA,NA,NA,NA,NA,NA,4,NA,NA,NA,NA,NA,NA
"579","Sanford's Lemur","y24",NA,2.0375,NA,NA,NA,NA,NA,NA,NA,3,NA,NA,NA,NA,NA,NA
"580","Sanford's Lemur","y25",NA,2.2275,NA,NA,NA,NA,NA,NA,NA,2,NA,NA,NA,NA,NA,NA
"581","Sanford's Lemur","y26",NA,2.2,NA,NA,NA,NA,NA,NA,NA,2,NA,NA,NA,NA,NA,NA
"582","Sanford's Lemur","y27",NA,2.1,NA,NA,NA,NA,NA,NA,NA,2,NA,NA,NA,NA,NA,NA
"583","Sanford's Lemur","y28",NA,2.11,NA,NA,NA,NA,NA,NA,NA,2,NA,NA,NA,NA,NA,NA
"584","Sanford's Lemur","y29",NA,2.24,NA,NA,NA,NA,NA,NA,NA,2,NA,NA,NA,NA,NA,NA
"585","Sanford's Lemur","y3",NA,1.99913888888889,NA,NA,NA,NA,7.21,13.6,NA,13,NA,NA,NA,NA,1,1
"586","Sanford's Lemur","y30",NA,1.955,NA,NA,NA,NA,NA,NA,NA,1,NA,NA,NA,NA,NA,NA
"587","Sanford's Lemur","y31",NA,2.04,NA,NA,NA,NA,NA,NA,NA,1,NA,NA,NA,NA,NA,NA
"588","Sanford's Lemur","y32",NA,1.7,NA,NA,NA,NA,NA,NA,NA,1,NA,NA,NA,NA,NA,NA
"589","Sanford's Lemur","y4",0,2.14196428571429,27.5,2974.25,113.5,4184.75,8.4475,7.3,3,12,3,3,3,3,3,3
"590","Sanford's Lemur","y5",0,2.09714285714286,0,3780,0,720,8.15,4.5,1,12,1,1,1,1,1,1
"591","Sanford's Lemur","y6",0,2.0247,478,7102,92,2128,8.385,9.8,2,10,2,2,2,2,2,2
"592","Sanford's Lemur","y7",0,1.970025,200,2360,80,1360,8.9,4,1,12,1,1,1,1,1,1
"593","Sanford's Lemur","y8",0,2.02668333333333,51,3162,153,1734,7.82,5.1,1,11,1,1,1,1,1,1
"594","Sanford's Lemur","y9",25,2.1268,221.5,2839.5,136.666666666667,2260.66666666667,7.80833333333333,5.48333333333333,4,11,4,4,4,4,4,4
"595","Slender Loris","y0",NA,0.1227875,NA,NA,NA,NA,NA,NA,NA,26,NA,NA,NA,NA,NA,NA
"596","Slender Loris","y1",NA,0.178164215686274,98,6174,294,3234,6.78,9.8,NA,26,1,1,1,1,1,1
"597","Slender Loris","y10",NA,0.17676875,NA,NA,NA,NA,NA,NA,NA,18,NA,NA,NA,NA,NA,NA
"598","Slender Loris","y11",NA,0.1793625,NA,1380,276,7544,5.4,9.2,NA,13,NA,1,1,1,1,1
"599","Slender Loris","y12",NA,0.179277777777778,NA,NA,NA,NA,NA,NA,NA,15,NA,NA,NA,NA,NA,NA
"600","Slender Loris","y13",0,0.170527777777778,198,3894,132,2376,5.72,6.6,1,15,1,1,1,1,1,1
"601","Slender Loris","y14",0,0.176083333333333,0,4041.5,749,3917,7.23,13.4,1,15,1,2,2,2,2,2
"602","Slender Loris","y15",NA,0.1823125,NA,NA,NA,NA,NA,NA,NA,12,NA,NA,NA,NA,NA,NA
"603","Slender Loris","y16",43,0.177025,43,1860.5,48,2598.5,5.57,4.55,1,11,1,2,2,2,2,2
"604","Slender Loris","y17",NA,0.173635714285714,NA,NA,NA,NA,NA,NA,NA,9,NA,NA,NA,NA,NA,NA
"605","Slender Loris","y18",NA,0.17325,NA,NA,NA,NA,NA,NA,NA,4,NA,NA,NA,NA,NA,NA
"606","Slender Loris","y19",NA,0.18525,NA,NA,NA,NA,NA,NA,NA,2,NA,NA,NA,NA,NA,NA
"607","Slender Loris","y2",0,0.1871575,157.5,8662.5,551.5,6378.5,6.525,15.75,2,20,2,2,2,2,2,2
"608","Slender Loris","y20",NA,0.185,NA,NA,NA,NA,NA,NA,NA,1,NA,NA,NA,NA,NA,NA
"609","Slender Loris","y3",NA,0.185280833333333,NA,NA,NA,NA,NA,NA,NA,19,NA,NA,NA,NA,NA,NA
"610","Slender Loris","y4",0,0.184075,0,15147,187,3366,6.21,18.7,1,20,1,1,1,1,1,1
"611","Slender Loris","y5",NA,0.186327840909091,NA,8614,118,3068,5.63,11.8,NA,19,NA,1,1,1,1,1
"612","Slender Loris","y6",NA,0.185314935064935,NA,NA,NA,NA,NA,NA,NA,18,NA,NA,NA,NA,NA,NA
"613","Slender Loris","y7",NA,0.182119949494949,NA,NA,NA,NA,NA,NA,NA,20,NA,NA,NA,NA,NA,NA
"614","Slender Loris","y8",NA,0.182753571428571,NA,NA,NA,NA,NA,NA,NA,17,NA,NA,NA,NA,NA,NA
"615","Slender Loris","y9",NA,0.181988636363636,NA,NA,NA,NA,NA,NA,NA,18,NA,NA,NA,NA,NA,NA
"616","Slow Loris","y0",NA,0.6306675,NA,NA,NA,NA,NA,NA,NA,29,NA,NA,NA,NA,NA,NA
"617","Slow Loris","y1",0,1.15039285714286,24.5,3045.5,451.5,2578.5,6.42,6.1,2,30,2,2,2,2,2,2
"618","Slow Loris","y10",25.5,1.161203125,283,2747.5,488,2831,5.69,7.7,2,18,2,2,2,2,2,2
"619","Slow Loris","y11",0,1.11382222222222,252,4291.5,224.25,2057.25,5.6575,6.825,3,14,3,3,3,3,3,3
"620","Slow Loris","y12",21.25,1.14852380952381,354.5,4053.25,278,7493,5.42,12.2,2,13,2,2,2,2,2,2
"621","Slow Loris","y13",42,1.14475,0,5268,108,2082,6.225,7.5,1,11,1,1,1,1,1,1
"622","Slow Loris","y14",NA,1.10766666666667,NA,NA,NA,NA,NA,NA,NA,8,NA,NA,NA,NA,NA,NA
"623","Slow Loris","y15",0,1.0752,686,5096,98,3920,7,9.8,1,8,1,1,1,1,1,1
"624","Slow Loris","y16",NA,1.15387666666667,NA,NA,NA,NA,NA,NA,NA,8,NA,NA,NA,NA,NA,NA
"625","Slow Loris","y17",NA,1.0780375,NA,NA,NA,NA,NA,NA,NA,9,NA,NA,NA,NA,NA,NA
"626","Slow Loris","y18",NA,1.075875,NA,NA,NA,NA,NA,NA,NA,6,NA,NA,NA,NA,NA,NA
"627","Slow Loris","y19",NA,1.06296666666667,NA,NA,NA,NA,NA,NA,NA,4,NA,NA,NA,NA,NA,NA
"628","Slow Loris","y2",0,1.18145357142857,0,10350,276,3174,6.41,13.8,1,29,1,1,1,1,1,1
"629","Slow Loris","y20",NA,0.88,NA,NA,NA,NA,NA,NA,NA,1,NA,NA,NA,NA,NA,NA
"630","Slow Loris","y3",0,1.24731790865385,97.35,5732.95,269.75,2421,7.46,8.6185,2,29,2,2,2,2,1,2
"631","Slow Loris","y4",0,1.2780625,251,4060.66666666667,265.666666666667,3322.66666666667,5.85,7.9,2,29,3,3,3,3,3,3
"632","Slow Loris","y5",NA,1.25430889423077,NA,NA,NA,NA,NA,NA,NA,29,NA,NA,NA,NA,NA,NA
"633","Slow Loris","y6",NA,1.26458333333333,NA,NA,NA,NA,NA,NA,NA,24,NA,NA,NA,NA,NA,NA
"634","Slow Loris","y7",0,1.21391558441558,126,3150,189,2772,5.94,6.3,1,25,1,1,1,1,1,1
"635","Slow Loris","y8",41.5,1.21893181818182,219.5,4924,308.5,3448,5.565,8.9,2,23,2,2,2,2,2,2
"636","Slow Loris","y9",0,1.21425,371.5,5267,433.5,5177,5.385,11.15,2,20,2,2,2,2,2,2
"637","White-headed Brown Lemur","y0",NA,0.8468125,NA,NA,NA,NA,NA,NA,NA,12,NA,NA,NA,NA,NA,NA
"638","White-headed Brown Lemur","y1",NA,1.8873125,NA,NA,NA,NA,NA,NA,NA,6,NA,NA,NA,NA,NA,NA
"639","White-headed Brown Lemur","y10",0,2.2335,204,3944,680,1972,8.1,6.8,1,12,1,1,1,1,1,1
"640","White-headed Brown Lemur","y11",0,2.25288888888889,0,4347,69,2484,7.1,6.9,1,12,1,1,1,1,1,1
"641","White-headed Brown Lemur","y12",0,2.11707142857143,24.5,3079,51,1945.5,7.59,5.1,1,9,1,1,1,1,1,1
"642","White-headed Brown Lemur","y13",0,2.28905952380952,48,2833.75,36.5,1656.75,7.21,4.575,2,10,2,2,2,2,2,2
"643","White-headed Brown Lemur","y14",168,2.16221428571429,201,5196,509,3726,7.1675,9.8,3,10,3,3,3,3,3,3
"644","White-headed Brown Lemur","y15",51.25,2.0914,296.75,6332.75,516.5,4802.75,8.4125,12,3,7,3,3,3,3,3,3
"645","White-headed Brown Lemur","y16",0,2.12125,0,2193,102,2805,6.17,5.1,1,6,1,1,1,1,1,1
"646","White-headed Brown Lemur","y17",NA,2.1599,NA,NA,NA,NA,NA,NA,NA,7,NA,NA,NA,NA,NA,NA
"647","White-headed Brown Lemur","y18",0,2.141875,26,2710.5,170.5,3643,6.28,6.55,2,6,2,2,2,2,2,2
"648","White-headed Brown Lemur","y19",0,2.1925,0,5293,395,2673,7.29,7.9,1,7,1,1,1,1,1,1
"649","White-headed Brown Lemur","y2",NA,2.0288,NA,NA,NA,NA,NA,NA,NA,5,NA,NA,NA,NA,NA,NA
"650","White-headed Brown Lemur","y20",0,2.2425,0,2387,154,5159,6.94,7.7,1,7,1,1,1,1,1,1
"651","White-headed Brown Lemur","y21",NA,2.09,NA,NA,NA,NA,6.63,9.6,NA,6,NA,NA,NA,NA,1,1
"652","White-headed Brown Lemur","y22",0,2.151625,480,3040,240,4240,5.72,8,1,6,1,1,1,1,1,1
"653","White-headed Brown Lemur","y23",NA,2.26,NA,NA,NA,NA,NA,NA,NA,4,NA,NA,NA,NA,NA,NA
"654","White-headed Brown Lemur","y24",NA,2.25666666666667,NA,NA,NA,NA,NA,NA,NA,5,NA,NA,NA,NA,NA,NA
"655","White-headed Brown Lemur","y25",NA,2.2075,NA,NA,NA,NA,NA,NA,NA,4,NA,NA,NA,NA,NA,NA
"656","White-headed Brown Lemur","y26",0,2.2425,172,2924,258,5246,6.61,8.6,1,4,1,1,1,1,1,1
"657","White-headed Brown Lemur","y27",NA,2.275,NA,NA,NA,NA,NA,NA,NA,4,NA,NA,NA,NA,NA,NA
"658","White-headed Brown Lemur","y28",0,2.36375,297,3762,396,5445,7.03,9.9,1,3,1,1,1,1,1,1
"659","White-headed Brown Lemur","y29",NA,2.33,NA,NA,NA,NA,NA,NA,NA,1,NA,NA,NA,NA,NA,NA
"660","White-headed Brown Lemur","y3",NA,2.164525,NA,NA,NA,NA,NA,NA,NA,9,NA,NA,NA,NA,NA,NA
"661","White-headed Brown Lemur","y30",NA,2.08,NA,NA,NA,NA,6.66,10,NA,1,NA,NA,NA,NA,1,1
"662","White-headed Brown Lemur","y31",NA,2.23,NA,NA,NA,NA,NA,NA,NA,1,NA,NA,NA,NA,NA,NA
"663","White-headed Brown Lemur","y32",0,2.11,182,3640,364,4914,6.35,9.1,1,1,1,1,1,1,1,1
"664","White-headed Brown Lemur","y33",NA,2.07,NA,NA,NA,NA,NA,NA,NA,1,NA,NA,NA,NA,NA,NA
"665","White-headed Brown Lemur","y34",NA,1.89,NA,NA,NA,NA,NA,NA,NA,1,NA,NA,NA,NA,NA,NA
"666","White-headed Brown Lemur","y4",NA,2.174175,NA,NA,NA,NA,NA,NA,NA,8,NA,NA,NA,NA,NA,NA
"667","White-headed Brown Lemur","y5",NA,2.24015476190476,NA,NA,NA,NA,6.79,11,NA,10,NA,NA,NA,NA,1,1
"668","White-headed Brown Lemur","y6",0,2.11868333333333,100,6500,100,3300,7.105,10.3,1,8,1,1,1,1,2,2
"669","White-headed Brown Lemur","y7",NA,2.42322767857143,NA,NA,NA,NA,NA,NA,NA,11,NA,NA,NA,NA,NA,NA
"670","White-headed Brown Lemur","y8",NA,2.226875,NA,NA,NA,NA,7.1,8.5,NA,14,NA,NA,NA,NA,1,1
"671","White-headed Brown Lemur","y9",0,2.35995833333333,0,3605.5,705,3539.5,7.295,7.85,1,9,1,1,1,1,1,1
